Name	Notes	FullAddress	City	Province	PostalCode
Bureau en Gros; Longueuil	Note : Ce point de dépôt accepte les téléviseurs mesurant jusqu'à 32 po.	2790 ch. Chambly	Longueuil	Quebec	J4L 1M9
Bureau en Gros; Dix30	Note : Ce point de dépôt accepte les téléviseurs mesurant jusqu'à 32 po.	9750 boul. Leduc bureau 35	Brossard	Quebec	J4Y 0B3
Bureau en Gros; Greenfield-Park	Note : Ce point de dépôt accepte les téléviseurs mesurant jusqu'à 32 po.	3344 boul. Taschereau bureau C6	Longueuil	Quebec	J4V 2H7
Bureau en Gros; Saint-Hyacinthe	Note : Ce point de dépôt accepte les téléviseurs mesurant jusqu'à 32 po.	5970 rue Martineau	Saint-Hyacinthe	Quebec	J2R 2H6
Bureau en Gros; Saint-Bruno	Note : Ce point de dépôt accepte les téléviseurs mesurant jusqu'à 32 po.	1465 boul. Saint-Bruno	Saint-Bruno-de-Montarville	Quebec	J3V 6J1
Bureau en Gros; Sorel	Note : Ce point de dépôt accepte les téléviseurs mesurant jusqu'à 32 po.	450 boul. Poliquin bureau 5004	Sorel-Tracy	Quebec	J3P 7R5
Bureau en Gros; Drummondville	Note : Ce point de dépôt accepte les téléviseurs mesurant jusqu'à 32 po.	565 boul. Saint-Joseph	Drummondville	Quebec	J2C 2B6
Bureau en Gros; Victoriaville	Note : Ce point de dépôt accepte les téléviseurs mesurant jusqu'à 32 po.	1111 boul. Jutras Est	Victoriaville	Quebec	G6S 1C1
Bureau en Gros; St-Georges	Note : Ce point de dépôt accepte les téléviseurs mesurant jusqu'à 32 po.	8585 boul. Lacroix	Saint-Georges	Quebec	G5Y 5L6
Bureau en Gros; Rimouski	Note : Ce point de dépôt accepte les téléviseurs mesurant jusqu'à 32 po.	390 Montée Industrielle	Rimouski	Quebec	G5M 1X1
Bureau en Gros; Rivière-du-Loup	Note : Ce point de dépôt accepte les téléviseurs mesurant jusqu'à 32 po.	250 boul. de L'Hôtel-de-Ville	Rivière-du-Loup	Quebec	G5R 1M4
Bureau en Gros; Alma	Note : Ce point de dépôt accepte les téléviseurs mesurant jusqu'à 32 po.	705 av. du Pont Nord bureau 5050	Alma	Quebec	G8B 6T5
Bureau en Gros; Jonquière	Note : Ce point de dépôt accepte les téléviseurs mesurant jusqu'à 32 po.	3460 boul. Saint-François	Saguenay	Quebec	G7X 8L3
Bureau en Gros; Chicoutimi	Note : Ce point de dépôt accepte les téléviseurs mesurant jusqu'à 32 po.	1470 boul. Talbot	Saguenay	Quebec	G7H 4C2
Écocentre Rimouski		835 ch. Victor-Gauvin	Rimouski	Quebec	G5L 8Y9
Bureau en Gros; Gatineau	Note : Ce point de dépôt accepte les téléviseurs mesurant jusqu'à 32 po.	235 montée Paiement	Gatineau	Quebec	J8P 6M7
Bureau en Gros; Hull	Note : Ce point de dépôt accepte les téléviseurs mesurant jusqu'à 32 po.	35 boul. du Plateau bureau 55A	Gatineau	Quebec	J9A 3G1
Écocentre Rose-Cohen		365 rue Pépin	Sherbrooke	Quebec	J1L 2Y8
Écocentre Michel-Ledoux		1000 rue Léon-Trépanier	Sherbrooke	Quebec	J1G 5B8
Écocentre Jean-Talon (Matrec)		1700 boul. Jean Talon Ouest	Québec	Quebec	G2K 2L8
Écocentre La Petite-Patrie	ICI: Quantité limité à 1 mètre cube par jour	1100 rue des Carrières	Montréal	Quebec	H2S 2A8
Bureau en Gros; Beauport	Note : Ce point de dépôt accepte les téléviseurs mesurant jusqu'à 32 po.	843 rue Clémanceau	Québec	Quebec	G1C 2K6
Bureau en Gros; Cap-de-la-Madeleine	Note : Ce point de dépôt accepte les téléviseurs mesurant jusqu'à 32 po.	400 rue Barkoff	Trois-Rivières	Quebec	G8T 9P5
Bureau en Gros; Shawinigan	Note : Ce point de dépôt accepte les téléviseurs mesurant jusqu'à 32 po.	1 rue la Plaza-de-Maurice	Shawinigan	Quebec	G9N 7C1
Bureau en Gros; Trois-Rivières	Note : Ce point de dépôt accepte les téléviseurs mesurant jusqu'à 32 po.	4000 boul. des Récollets	Trois-Rivières	Quebec	G9A 6K9
Bureau en Gros; Place Versailles	Note : Ce point de dépôt accepte les téléviseurs mesurant jusqu'à 32 po.	7275 rue Sherbrooke Est bureau 316	Montréal	Quebec	H1N 1E9
Bureau en Gros; Anjou	Note : Ce point de dépôt accepte les téléviseurs mesurant jusqu'à 32 po.	11250 rue Renaude-Lapointe	Montréal	Quebec	H1J 2V7
Bureau en Gros; Notre Dame	Note : Ce point de dépôt accepte les téléviseurs mesurant jusqu'à 32 po.	770 rue Notre-Dame Ouest	Montréal	Quebec	H3C 1J2
Bureau en Gros; Jean-Talon	Note : Ce point de dépôt accepte les téléviseurs mesurant jusqu'à 32 po.	4625 rue Jean-Talon Est	Montréal	Quebec	H1S 1K3
Bureau en Gros; TMR (Ville Mont-Royal)	Note : Ce point de dépôt accepte les téléviseurs mesurant jusqu'à 32 po.	4205 rue Jean-Talon Ouest	Montréal	Quebec	H4P 2T6
Bureau en Gros; Châteauguay	Note : Ce point de dépôt accepte les téléviseurs mesurant jusqu'à 32 po.	160 boul. d'Anjou	Châteauguay	Quebec	J6K 1C4
Bureau en Gros; Saint-Jean	Note : Ce point de dépôt accepte les téléviseurs mesurant jusqu'à 32 po.	1000 boul. du Séminaire	Saint-Jean-sur-Richelieu	Quebec	J3A 1E5
Bureau en Gros; Candiac	Note : Ce point de dépôt accepte les téléviseurs mesurant jusqu'à 32 po.	40 rue de Strasbourg	Candiac	Quebec	J5R 0B4
Bureau en Gros; Beloeil	Note : Ce point de dépôt accepte les téléviseurs mesurant jusqu'à 32 po.	100 rue Serge-Pépin	Beloeil	Quebec	J3G 0K1
Bureau en Gros; Sherbrooke	Note : Ce point de dépôt accepte les téléviseurs mesurant jusqu'à 32 po.	3325 boul. Portland	Sherbrooke	Quebec	J1L 2P1
Bureau en Gros; Magog	Note : Ce point de dépôt accepte les téléviseurs mesurant jusqu'à 32 po.	1700 rue Sherbrooke bureau 117	Magog	Quebec	J1X 5B4
Bureau en Gros; Granby	Note : Ce point de dépôt accepte les téléviseurs mesurant jusqu'à 32 po.	921 rue Principale	Granby	Quebec	J2G 2Z5
Bureau en Gros; Vaudreuil	Note : Ce point de dépôt accepte les téléviseurs mesurant jusqu'à 32 po.	46 boul. de la Cité des Jeunes bureau 100	Vaudreuil-Dorion	Quebec	J7V 9L5
Bureau en Gros; Atwater	Note : Ce point de dépôt accepte les téléviseurs mesurant jusqu'à 32 po.	4036 rue Sainte-Catherine Ouest	Westmount	Quebec	H3Z 1P2
Bureau en Gros; Saint-Laurent	Note : Ce point de dépôt accepte les téléviseurs mesurant jusqu'à 32 po.	3660 boul. De La Côte-Vertu	Montréal	Quebec	H4R 1P8
Bureau en Gros; Pointe-Claire	Note : Ce point de dépôt accepte les téléviseurs mesurant jusqu'à 32 po.	365 boul. Brunswick	Pointe-Claire	Quebec	H9R 4S1
Bureau en Gros; Lasalle	Note : Ce point de dépôt accepte les téléviseurs mesurant jusqu'à 32 po.	7097 boul. Newman	Montréal	Quebec	H8N 1X1
Bureau en Gros; Des Sources	Note : Ce point de dépôt accepte les téléviseurs mesurant jusqu'à 32 po.	3165 boul. Des Sources	Dorval	Quebec	H9B 1Z6
Bureau en Gros; île-Perrot	Note : Ce point de dépôt accepte les téléviseurs mesurant jusqu'à 32 po.	475 Grand Boulevard	L'île-Perrot	Quebec	J7V 4X4
Bureau en Gros; Mtl-Sherbrooke	Note : Ce point de dépôt accepte les téléviseurs mesurant jusqu'à 32 po.	5157 rue Sherbrooke Ouest	Montréal	Quebec	H4A 1T5
Bureau en Gros; Marché Central	Note : Ce point de dépôt accepte les téléviseurs mesurant jusqu'à 32 po.	1041 rue du Marché Central	Montréal	Quebec	H4N 1J8
Bureau en Gros; Valleyfield	Note : Ce point de dépôt accepte les téléviseurs mesurant jusqu'à 32 po.	1560 boul. Monseigneur Langlois	Salaberry-de-Valleyfield	Quebec	J6S 1E3
Bureau en Gros; Boucherville	Note : Ce point de dépôt accepte les téléviseurs mesurant jusqu'à 32 po.	582 ch. de Touraine bureau 301	Boucherville	Quebec	J4B 8S5
Écocentre de Trois-Rivières	ICI sur rendez-vous seulement	2455 rue Charbonneau	Trois-Rivières	Quebec	G9A 5C9
Écocentre Région du Lac-Mégantic		5138 rue Pie-XI	Lac-Mégantic	Quebec	G6B 2S3
Écocentre de Magog		2300 rue Tanguay	Magog	Quebec	J1X 5Y5
Écocentre de Senneterre		740 ch. du Parc-Industriel	Senneterre	Quebec	J0Y 2M0
Écocentre de Val-d'Or		2001 3e Avenue Est	Val-d'Or	Quebec	J9P 7B4
Écocentre de Malartic		555 ch. du lac Mourier	Malartic	Quebec	J0Y 1Z0
Écocentre de Neuville		1310 ch. Du Site	Neuville	Quebec	G0A 2R0
Écocentre de Rivière-du-Loup		100 rue Delage	Rivière-du-Loup	Quebec	G5R 3P9
Écocentre de Saint-Alexandre		619 rte 289	Saint-Alexandre-de-Kamouraska	Quebec	G0L 2G0
Écocentre Chicoutimi Secteur Nord		2932 rue Vimy	Saguenay	Quebec	G7G 3N6
Récupération des Basques		2 rte à C?ur	Trois-Pistoles	Quebec	G0L 4K0
Bureau en Gros; Rouyn-Noranda	Note : Ce point de dépôt accepte les téléviseurs mesurant jusqu'à 32 po.	100 rue du Terminus Ouest	Rouyn-Noranda	Quebec	J9X 6H7
Bureau en Gros; Sept-îles	Note : Ce point de dépôt accepte les téléviseurs mesurant jusqu'à 32 po.	649 boul. Laure	Sept-îles	Quebec	G4R 1X8
Bureau en Gros; Lachenaie	Note : Ce point de dépôt accepte les téléviseurs mesurant jusqu'à 32 po.	590 montée des Pionniers	Terrebonne	Quebec	J6V 1N9
Bureau en Gros; Mascouche	Note : Ce point de dépôt accepte les téléviseurs mesurant jusqu'à 32 po.	145 montée Masson	Mascouche	Quebec	J7K 3B4
Bureau en Gros; Ste-Agathe-des-Monts	Note : Ce point de dépôt accepte les téléviseurs mesurant jusqu'à 32 po.	1190 rue Principale	Sainte-Agathe-des-Monts	Quebec	J8C 1L8
Bureau en Gros; Joliette	Note : Ce point de dépôt accepte les téléviseurs mesurant jusqu'à 32 po.	845 boul. Firestone	Joliette	Quebec	J6E 2W4
Bureau en Gros; 19oe40	Note : Ce point de dépôt accepte les téléviseurs mesurant jusqu'à 32 po.	4440 boul. Robert-Bourassa	Laval	Quebec	H7E 0B8
Bureau en Gros; Boisbriand	Note : Ce point de dépôt accepte les téléviseurs mesurant jusqu'à 32 po.	3420 av. des Grandes-Tourelles	Boisbriand	Quebec	J7H 0A2
Bureau en Gros; St-Eustache	Note : Ce point de dépôt accepte les téléviseurs mesurant jusqu'à 32 po.	660 boul. Arthur Sauvé	Saint-Eustache	Quebec	J7R 1E3
Bureau en Gros; Saint-Jérôme	Note : Ce point de dépôt accepte les téléviseurs mesurant jusqu'à 32 po.	1135 rue Jean-Baptiste-Rolland Ouest	Saint-Jérôme	Quebec	J7Y 4Y7
Bureau en Gros; Rosemère	Note : Ce point de dépôt accepte les téléviseurs mesurant jusqu'à 32 po.	315 boul. Curé-Labelle	Rosemère	Quebec	J7A 2H7
Bureau en Gros; Ste-Dorothée	Note : Ce point de dépôt accepte les téléviseurs mesurant jusqu'à 32 po.	1000 aut. Chomedey	Laval	Quebec	H7X 3S9
Bureau en Gros; Centre Laval	Note : Ce point de dépôt accepte les téléviseurs mesurant jusqu'à 32 po.	1600 boul. Le Corbusier	Laval	Quebec	H7S 1Y9
Bureau en Gros; Neufchatel	Note : Ce point de dépôt accepte les téléviseurs mesurant jusqu'à 32 po.	4605 boul. de L'Auvergne #102	Québec	Quebec	G2C 1H7
Bureau en Gros; Sainte-Foy 2	Note : Ce point de dépôt accepte les téléviseurs mesurant jusqu'à 32 po.	1510 av. Jules-Verne	Québec	Quebec	G2G 2R5
Bureau en Gros; Charest	Note : Ce point de dépôt accepte les téléviseurs mesurant jusqu'à 32 po.	1400 rue Cyrille-Duquet	Québec	Quebec	G1N 2E5
Bureau en Gros; Lévis	Note : Ce point de dépôt accepte les téléviseurs mesurant jusqu'à 32 po.	80 rte du Président-Kennedy	Lévis	Quebec	G6V 6C9
Bureau en Gros; Sainte-Foy	Note : Ce point de dépôt accepte les téléviseurs mesurant jusqu'à 32 po.	2975 boul. Laurier	Québec	Quebec	G1V 2M2
Bureau en Gros; Québec City	Note : Ce point de dépôt accepte les téléviseurs mesurant jusqu'à 32 po.	565 boul. Lebourgneuf	Québec	Quebec	G2J 1R9
Bureau municipal Forestville		1 2e Avenue	Forestville	Quebec	G0T 1E0
Bureau municipal Colombier		568 rue Principale	Colombier	Quebec	G0H 1P0
Écocentre Acadie	ICI: Quantité limité à 1 mètre cube par jour	1200 boul. Henri-Bourassa Ouest	Montréal	Quebec	H3M 3G1
Écocentre Côte-des-Neiges	ICI: Quantité limité à 1 mètre cube par jour	6925 ch. de la Côte-des-Neiges	Montréal	Quebec	H3S 2B6
Écocentre Rivière-des-Prairies	ICI: Quantité limité à 1 mètre cube par jour	11400 rue Léopold-Christin	Montréal	Quebec	H1E 7R3
Écocentre St-Michel	ICI: Quantité limité à 1 mètre cube par jour	2475 rue des Regrattiers (anciennement rue Michel-Jurdant	Montréal	Quebec	H1Z 4N1
Écocentre de Lévis	Seuls les produits électroniques des citoyens de Lévis sont acceptés dans cet écocentre.	3443 rue de Vulcain	Lévis	Quebec	G6W 0K8
Écocentre du secteur Chicoutimi (Sud)		3333 boul. Talbot	Saguenay	Quebec	G7H 5B1
Écocentre de Jonquière		2330 rue de la Métallurgie	Saguenay	Quebec	G7X 0B7
Écocentre de La Baie		223 rue Joseph-Gagné Sud La Baie	Saguenay	Quebec	G7B 3P6
Garage municipal de Tadoussac		696 rte 138	Tadoussac	Quebec	G0T 2A0
Garage municipal de Sacré-C?ur		rte 172	Sacré-Coeur	Quebec	G0T 1Y0
Récupéraction Centre du Québec		5620 rue Saint-Roch	Drummondville	Quebec	J2B 6V4
Garage municipal de Terrebonne	Citoyens de Terrebonne seulement. Sur rendez-vous seulement.	1051 rue Nationale	Terrebonne	Quebec	J6W 6B5
Écocentre régional du Val-Saint-François		666 ch. Keenan	Saint-François-Xavier-de-Brompton	Quebec	J0B 2V0
Écocentre Marguerite-D'Youville- secteur nord		4111 rte Marie-Victorin	Contrecoeur	Quebec	J0L 1C0
Écocentre Marguerite-D'Youville- secteur sud		1975 ch. de l'énergie	Varennes	Quebec	J3X 1P7
Écocentre St-Flavien		1450 rang Pointe-du-Jour	Saint-Flavien	Quebec	G0S 2M0
Écocentre Isle-aux-Coudres		51 ch. de la Traverse	L'Isle-aux-Coudres	Quebec	G0A 3J0
Écocentre Saint-Sauveur		2135 ch. Jean-Adam (rte 364)	Saint-Sauveur	Quebec	J0R 1R2
Écocentre Baie-St-Paul		74 rang Saint-Placide Sud	Baie-Saint-Paul	Quebec	G3Z 3A9
Écocentre St-Urbain		7 rue du Parc Industriel	Saint-Urbain	Quebec	G0A 4K0
Compo-Haut-Richelieu; Lacolle		8 rue du Parc-Industriel	Lacolle	Quebec	J0J 1J0
Compo-Haut-Richelieu; Iberville (Citoyen)		825 rue Lucien-Beaudin	Saint-Jean-sur-Richelieu	Quebec	J2X 5L2
Compo-Haut-Richelieu; St-Luc		950 rue Gaudette	Saint-Jean-sur-Richelieu	Quebec	J2W 3G1
Écocentre Sainte-Sophie	Saisonnier	2535  1re rue	Sainte-Sophie	Quebec	J5J 2R7
Écocentre Prévost	Saisonnier	1144 rue Doucet	Prévost	Quebec	J5L 2S2
Écocentre Saint-Colomban	Saisonnier	355 montée de l'Église	Saint-Colomban	Quebec	J5K 2J1
Écocentre Saint-Hippolyte	Saisonnier	2056 ch. des hauteurs	Saint-Hippolyte	Quebec	J8A 1A1
Écocentre Saint-Jérôme	Saisonnier	301 rue Lajeunesse Ouest	Saint-Jérôme	Quebec	J7Y 3P2
Écocentre Secteur de Sainte-Scholastique	Résidents seulement	9825 rue Saint-Vincent	Mirabel	Quebec	J7N 2Y5
Régie intermunicipale du comté de Beauce-Sud		695 rang Saint-Joseph	Saint-Côme-Linière	Quebec	G0M 1J0
Écocentre de Beauceville (Matrec)		184 181e rue	Beauceville	Quebec	G5X 2S8
Écocentre de Shawinigan	ICI sur rendez-vous seulement	2132 av. de la Transmission	Shawinigan	Quebec	G9N 8N8
Garage municipal de Saint-Jean-Port-Joli	Ouvert avril à novembre	389 rte de l'Église	Saint-Jean-Port-Joli	Quebec	GOR 3G0
Écocentre Val-Bélair		1472 rue Jean-Bardot	Québec	Quebec	G3J 1R3
Écocentre Hûtrière		3381 rue de l'Hûtrière	Québec	Quebec	G3A 0M2
Écocentre Beauport		425 boul. Raymond	Québec	Quebec	G1C 5B4
Garage municipal de Les Bergeronnes		424 rue de la Mer	Les Bergeronnes	Quebec	G0T 1G0
Garage municipal de Les Escoumins		2 rue Sirois	Les Escoumins	Quebec	G0T 1K0
Bureau municipal Longue-Rive		3 rue de l?Église	Longue-Rive	Quebec	G0T 1Z0
Garage municipal de Portneuf-sur-Mer		170 rue Principale	Portneuf-sur-Mer	Quebec	G0T 1P0
Écocentre Secteur de Saint-Augustin	Résidents seulement	15020 rue Louis-M.-Taillon	Mirabel	Quebec	J7N 2K4
Écocentre Secteur de Saint-Canut	Résidents seulement	6000 rte Sir-Wilfrid-Laurier	Mirabel	Quebec	J7N 2Z8
Écocentre Secteur de Saint-Janvier	Résidents seulement	14645 rue Joseph-Marc-Vermette	Mirabel	Quebec	J7J 1X2
Écocentre La Mitis		428 ch. Perreault Est	Sainte-Flavie	Quebec	G0J 2L0
Écocentre Ville de Beaupré		10 rue Industrielle	Beaupré	Quebec	G0A 1E0
Écocentre Saint-Édouard-de-Fabre		641 rte 391	Saint-Édouard-de-Fabre	Quebec	J0Z 1Z0
Écocentre Waterloo		6550 rue Foster	Waterloo	Quebec	J0E 2N0
Écocentre Havre-Saint-Pierre		895 rue Ilménite	Havre-Saint-Pierre	Quebec	G0G 1P0
Écocentre de Natashquan		300 rte 138	Natashquan	Quebec	G0G 2E0
Écocentre Alma		3521 av.du Pont Nord	Alma	Quebec	G8B 1S5
Écocentre Hébertville		100rue Jean-Félix Langlais	Hébertville	Quebec	G0W 1T0
Écocentre Saint-Ludger-de-Milot		ch. de l?Écocentre	Saint-Ludger-de-Milot	Quebec	G0W 2B0
Écocentre Saint-Félicien		1800 rue Verreault	Saint-Félicien	Quebec	G8K 1W2
Écocentre Saint-François-de-Sales		93 rue Bouchard	Saint-François-de-Sales	Quebec	G0W 2B0
Écocentre Dolbeau-Mistassini		1001 2e Avenue	Dolbeau-Mistassini	Quebec	G8L 1V3
Écocentre Normandin		1177 rue Lydoric Doucet	Normandin	Quebec	G8M 3Y2
Centre de services d'Aylmer		115 rue Principale	Gatineau	Quebec	J9H 3M2
Écocentre Carrière		860 boul. de la Carrière	Gatineau	Quebec	J8Y 6S6
Écocentre Louiseville		760 av. Deveault	Louiseville	Quebec	J5V 3C2
Écocentre de Champlain		295 rte Sainte-Marie	Champlain	Quebec	G0X 1C0
Écocentre Saint-Étienne-des-Grés		440 boul. la Gabelle	Saint-Étienne-des-Grès	Quebec	G0X 2P0
Écocentre Granby		1080 rue André-Liné	Granby	Quebec	J2J 1J9
Écocentre Saint-Patrice-de-Beaurivage		rue du Parc	Saint-Patrice-de-Beaurivage	Quebec	G0S 1B0
Hôtel de ville de Saint-Pamphile		3 rue Elgin Sud	Saint-Pamphile	Quebec	G0R 3X0
Garage municipal de L'Islet		451 rue Nilus-Leclerc	L'Islet	Quebec	G0R 1X0
Écocentre de Matane		330 rue Yves-Bérubé	Matane	Quebec	G4W 3M6
Écocentre Saint-Raymond		590 ch. Bourg-Louis	Saint-Raymond	Quebec	G3L 4G2
Écocentre St-Alban		180 rte 354	Saint-Alban	Quebec	G0A 3B0
Garage municipal de St-Césaire		110 rte 112	Saint-Césaire	Quebec	J0L 1P0
Garage municipal de St-Mathias		25 rue du Centre Sportif	Saint-Mathias-sur-Richelieu	Quebec	J3L 6C6
Ressourcerie Bellechasse		491 rte 277	Saint-Léon-de-Standon	Quebec	G0R 4L0
Ressourcerie du Granit		2969 rue Laval	Nantes	Quebec	G6B 1A2
Ressourcerie des Frontières		177 de la rue Cutting	Coaticook	Quebec	J1A 2G2
Bureau municipal Saint-Albert		1245 rue Principale	Saint-Albert	Quebec	J0A 1E0
Écocentre régional de la Nouvelle-Beauce; Sainte-Marie		1690 boul. Vachon Nord	Sainte-Marie	Quebec	G6E 3E9
Écocentre régional de la Nouvelle-Beauce; Frampton		10 rte Boulet	Frampton	Quebec	G0R 1M0
Écocentre de Saint-Pascal		236 av. du Parc	Saint-Pascal	Quebec	G0L 3Y0
Écocentre des îles-de-la-Madeleine		1300 rte 199	Les îles-de-la-Madeleine	Quebec	G4T 5B5
Écocentre Secteur Témiscouata-sur-le-Lac- quartier Cabano		53 rue 232 Est	Témiscouata-sur-le-Lac	Quebec	G0L 1E0
Écocentre Longue-Pointe-de-Mingan		800 ch. du Roi	Longue-Pointe-de-Mingan	Quebec	G0G 1V0
Écocentre du Secteur Squatec		90 rue 295 Nord	Saint-Michel-du-Squatec	Quebec	G5T 1V7
Écocentre Secteur Pohénégamook		480 rue du Parc industriel	Pohénégamook	Quebec	G0L 1J0
Écocentre Secteur Dégelis		297 rte 295	Dégelis	Quebec	G5T 1V7
Écocentre Saint-Ignace-de-Loyola		25 rue Laforest	Saint-Ignace-de-Loyola	Quebec	J0K 2P0
Garage municipal Sainte-Geneviève-de-Berthier		400 rang de la Rivière Bayonne Sud	Sainte-Geneviève-de-Berthier	Quebec	J0K 1A0
Écoparc de la MRC de L'Assomption		134 ch. des Commissaires	L'Assomption	Quebec	J5W 3P3
LET de Saint-Alphonse		222  5e Rang Est	Saint-Alphonse	Quebec	G0C 2V0
Écocentre de La Vallée-de-la-Gatineau		161 rue du Parc Industriel	Maniwaki	Quebec	J9E 3P3
Écocentre de la Rivière-Rouge	Ouvert du lundi au vendredi 8 h 30 à 17 h	688 ch. du Parc Industriel	Rivière-Rouge	Quebec	J0T 1T0
Écocentre de Saint-Siméon		368 rue Bergeron	Saint-Siméon	Quebec	G0T 1X0
Écocentre de Clermont		119 ch. Snigole	Clermont	Quebec	G4A 1B1
Écocentre de La Malbaie		1200 boul. Kane	La Malbaie	Quebec	G5A 1W8
Écocentre de Sainte-Agathe-des-Monts		1710 rue Principale Est	Sainte-Agathe-des-Monts	Quebec	J8C 1M2
Écocentre de matériaux secs de Tremblant		60 ch. Bréboeuf	Mont-Tremblant	Quebec	J8E 3A9
Écocentre RIDL		1064 rue industrielle	Mont-Laurier	Quebec	J9L 3V6
Écocentre régional de Portneuf-sur-Mer		rte 138 (24 km à l?est de la rivière Portneuf)	Portneuf-sur-Mer	Quebec	G0T 1P0
Centre de valorisation des matières résiduelles		15 boul. Industriel	La Sarre	Quebec	J9Z 2X2
RIGMRBM (Régie intermunicipale de gestion des matières résiduelles de Brome-Missisquoi)		2500 rang Saint-Joseph	Brigham	Quebec	J2K 3G6
Écocentre Blanc-Sablon	Commune Lourdes-de-Blanc-Sablon	1149 boul. Dr. Camille Marcoux	Blanc-Sablon	Quebec	G0G 1W0
Ressource de Réinsertion le Phare		99 boul. du Portage des Mousses	Port-Cartier	Quebec	G5B 1C9
Écocentre Saint-Just-de-Bretenières		 rang Sainte-Anne	Saint-Just-de-Bretenières	Quebec	G0H 3H0
Écocentre Saint-François-de-la-Rivière-du-Sud		35 ch. Saint-François Est	Saint-François-de-la-Rivière-du-Sud	Quebec	G0R 3A0
Garage municipal Saint-Pierre-de-la-Rivière-du-Sud		450 rue Principale	Saint-Pierre-de-la-Rivière-du-Sud	Quebec	G0R 4B0
Écocentre Notre-Dame-du-Rosaire		28 rue Saint-Thomas	Notre-Dame-du-Rosaire	Quebec	G0R 2H0
Bureau municipal Sainte-Euphémie-sur-Rivière-du-Sud		220 rue Principale Est	Sainte-Euphémie-sur-Rivière-du-Sud	Quebec	G0R 2Z0
Écocentre Sainte-Apolline-de-Patton		499 rue Principale	Sainte-Apolline-de-Patton	Quebec	G0R 2P0
Écocentre Cap-Saint-Ignace		850 du Souvenir	Cap-Saint-Ignace	Quebec	G0R 1H0
Écocentre Sainte-Lucie-de-Beauregard		Garage municipal rue de l'Église	Sainte-Lucie-de-Beauregard	Quebec	G0R 3L0
Écocentre Saint-Fabien-de-Panet		73 rte 283	Saint-Fabien-de-Panet	Quebec	G0R 2J0
Écocentre Saint-Paul-de-Montminy		294 rte 216	Saint-Paul-de-Montminy	Quebec	G0R 3Y0
Écocentre Lac-Frontière	En arrière du bureau municipal	22 rue de l'Église	Lac-Frontière	Quebec	G0R 1T0
ORAPÉ		1570 rue Rousseau	Plessisville	Quebec	G6L 2V1
Écocentre Saint-Eustache		695 25e Avenue	Saint-Eustache	Quebec	J7P 0B4
Écocentre satellite de Godbout		122 rue Saint-Régis	Godbout	Quebec	G0H 1G0
Écocentre Berthier-sur-Mer		14 rte de Saint-François	Berthier-sur-Mer	Quebec	G0R 1E0
Garage municipal de Grande-Vallée		21 rue Minville	Grande-Vallée	Quebec	G0E 1K0
Déchetterie de Cloridorme		24 rte de la Colonie	Cloridorme	Quebec	G0E 1G0
Écocentre Robertsonville		3626 boul. Frontenac Est	Thetford Mines	Quebec	G6G 4G2
Garage municipal de Murdochville		389 av. Miller	Murdochville	Quebec	G0E 1W0
LET de Gaspé		1050 montée de Wakeham	Gaspé	Quebec	G4X 2A5
Déchetterie de Percé		50 ch. Lemieux	Percé	Quebec	G0C 3G0
Écocentre Val-des-Monts		28 ch. de la Pûche	Val-des-Monts	Quebec	J8N 4A6
Écocentre de  Duhamel	2017 : ouvert du 6 mai au 28 octobre	3605 ch. du Lac Gagnon Est	Duhamel	Quebec	J0V 1G0
Déchetterie de Gascon		232 rte Morin Nord	Port-Daniel--Gascons	Quebec	G0C 1P0
Déchetterie de Grande-Rivière		785 rue Saint-Pierre	Grande-Rivière	Quebec	G0C 1V0
Garage municipal de Saint-Cyprien		121 rang Cyr	Saint-Cyprien-de-Napierville	Quebec	J0J 1L0
Conciergerie Kaminunakutat		1 rue du centre	Essipit	Quebec	G0T 1K0
Garage municipal Kingsey Falls		57 boul. Kingsey	Kingsey Falls	Quebec	J0A 1B0
Écocentre d'Asbestos		404 rue du Roi	Asbestos	Quebec	J1T 4T1
Écocentre des Rivières		1700 rue Provinciale	Québec	Quebec	G1N 4A2
Écocentre Aston-Jonction		1310 rue Principale	Aston-Jonction	Quebec	G0Z 1A0
Écocentre Baie-du-Fèbvre		298 rue Marie-Victorin	Baie-du-Febvre	Quebec	J0G 1A0
Bureau municipal de Manseau		200 rue Roux	Manseau	Quebec	G0X 1V0
Bureau municipal Sainte-Cécile-de-Lévrard		235 rue Principale	Sainte-Cécile-de-Lévrard	Quebec	G0X 2M0
Écocentre Sainte-Eulalie		759 rue des Bouleaux	Sainte-Eulalie	Quebec	G0Z 1G0
Best Buy; Chicoutimi		1401 boul. Talbot	Saguenay	Quebec	G7H 4C1
Best Buy; Montréal Centreville		470 rue Sainte-Catherine Ouest	Montréal	Quebec	H3B 1A7
Best Buy; Galeries d'Anjou		7400 boul. des Roseraies	Montréal	Quebec	H1M 3X8
Best Buy; Centre Laval		1560 boul. Le Corbusier	Laval	Quebec	H7S 1Y8
Best Buy; Dix30		8480 boul. Leduc bureau 100	Brossard	Quebec	J4Y 0K7
Best Buy; Fairview Pointe-Claire		6815 aut. Transcanadienne bureau Y009	Pointe-Claire	Quebec	H9R 1C4
Best Buy; Saint-Bruno		1235 boul. des Promenades	Saint-Bruno-de-Montarville	Quebec	J3V 6H1
Best Buy; Gatineau		920 boul. Maloney Ouest	Gatineau	Quebec	J8T 3R6
Best Buy; Place Rosemère		401 boul. Labelle bureau M-20	Rosemère	Quebec	J7A 3T2
Best Buy; Greenfield Park		1800 rue Auguste	Longueuil	Quebec	J4V 3R4
Best Buy; Carrefour Angrignon		7077 boul. Newman	Montréal	Quebec	H8N 1X1
Best Buy; Montréal Marché Central		8871 boul. de L'acadie	Montréal	Quebec	H4N 3K1
Best Buy; Québec Galeries de la Capitale		5401 boul. des Galeries	Québec	Quebec	G2K 1N4
Best Buy; Québec Place Laurier		2700 boul. Laurier bureau 2290	Québec	Quebec	G1V 2L8
Écocentre Bury		105 ch. Maine	Bury	Quebec	J0B 1M0
Écocentre de Baie-Trinité		rte 138 (à l'entrée ouest du village)	Baie-Trinité	Quebec	G0H 1A0
Écocentre Sainte-Marguerite-du-Lac-Masson		245 ch. Masson	Sainte-Marguerite-du-Lac-Masson	Quebec	J0T 1L0
Écocentre Grande-Allée		8005 boul. Grande-Allée	Brossard	Quebec	J4Z 3H8
Écocentre Saint-Bruno-de-Montarville		600 rue Sagard	Saint-Bruno-de-Montarville	Quebec	J3V 6B9
Uptimum informatique		525 rue Grande-Allée	Trois-Rivières	Quebec	G9B 7R9
1-800-Got-Junk; Brossard		3875 rue Isabelle porte #15	Brossard	Quebec	J4Y 2R2
Écocentre L'Islet-Sud	Ouvert mai à octobre	2 rang Brise-Culotte	Sainte-Perpétue	Quebec	G0R 3Z0
Écocentre Rouyn-Noranda (Multitech)		1610 rang Lusko	Rouyn-Noranda	Quebec	J9X 6J2
Déchetterie de Rivière-au-Renard		14 rue de l'Entrepôt	Gaspé	Quebec	G4X 5L4
Centre de tri Grande-Rivière		498 Grande-Allée Ouest	Grande-Rivière	Quebec	G0C 1V0
Garage municipal de Chambly	Ouvert lundi au jeudi 8 h à 16 h 30 Vendredi 8 h à 12 h	2500 boul. Industriel	Chambly	Quebec	J3L 4V2
Écocentre Baie-Comeau		800 av. Léonard-E.-Schlemm	Baie-Comeau	Quebec	G4Z 3B7
Blackburn &amp; Blackburn		980 boul. Université	Saguenay	Quebec	G7H 6H1
Écocentre Henry-Ford		2800 boul. Henry-Ford	Vaudreuil-Dorion	Quebec	J7V 0V8
Écocentre Sainte-Marie-de-Blandford		492 rue des Bosqets	Sainte-Marie-de-Blandford	Quebec	G0X 2W0
Écocentre Sainte-Perpétue		33 rang Sainte-Anne	Sainte-Perpétue	Quebec	J0C 1R0
Écocentre Sainte-Sophie-de-Lévrard		174 rue Saint-Antoine Porte A	Sainte-Sophie-de-Lévrard	Quebec	G0X 3C0
Écocentre Saint-Léonard-d'Aston		434 rue de l'Exposition	Saint-Léonard-d'Aston	Quebec	J0C 1M0
Écocentre Saint-Pierre-les-Becquets		163 rte 218	Saint-Pierre-les-Becquets	Quebec	G0X 2Z0
Écocentre Saint-Sylvère	Appeler avant 819-285-207	837 rang 8	Saint-Sylvère	Quebec	G0Z 1H0
Centre communautaire de Saint-Wenceslas		1025 rue Hébert	Saint-Wenceslas	Quebec	G0Z 1J0
Écocentre Saint-Zéphirin-de-Courval		1471 rang Saint-Pierre	Saint-Zéphirin-de-Courval	Quebec	J0G 1V0
Écocentre Bécancour		1300 av. Nicolas Perrot	Bécancour	Quebec	G9H 1A1
Écocentre Nicolet		435 rue Théophile Saint-Laurent	Nicolet	Quebec	J3T 1B4
Le 9e Bit		715 rue Cormier	Drummondville	Quebec	J2C 6P7
Best Buy; Saint-Jérôme		1040 boul. du Grand-Heron	Saint-Jérôme	Quebec	J7Y 5K8
Best Buy; Sherbrooke		3450 boul. de Portland	Sherbrooke	Quebec	J1L 2A6
Best Buy; Lachenaie		790 Montée des Pionniers	Terrebonne	Quebec	J6V 1N9
Best Buy; Mascouche		145 montée Masson	Mascouche	Quebec	J7K 3B4
Best Buy; Carrefour Trois-Rivières Ouest		4520 boul. des Récollets   bureau 900A	Trois-Rivières	Quebec	G9A 4N2
Best Buy; Granby		90 rue Simonds Nord	Granby	Quebec	J2J 2L1
Best Buy; Vaudreuil		3090 boul. de la Gare	Vaudreuil-Dorion	Quebec	J7V 0H1
Best Buy; Rimouski		387 montée Industrielle-et-Commerciale	Rimouski	Quebec	G5M 1Y1
Best Buy; Drummondville		850 rue Hains	Drummondville	Quebec	J2C 5N9
Best Buy; Saint-Jean-sur-Richelieu		600 rue Pierre-Caisse Unit 4000	Saint-Jean-sur-Richelieu	Quebec	J3A 1M1
Friperie Coderr		1000 boul. Saint-Jude	Alma	Quebec	G8B 3L1
Écocentre Amos		5311 rte 395 Nord	Amos	Quebec	J9T 2G1
Bureau municipal de Saint-Georges-de-Windsor		485 rue Principale	Saint-Georges-de-Windsor	Quebec	J0A 1J0
Bureau municipal de Saint-Adrien		1589 rue Principale	Saint-Adrien	Quebec	J0A 1C0
Bureau municipal de Saint-Camille		87 rue Desrivières	Saint-Camille	Quebec	J0A 1G0
Écocentre de Danville		17 rue Grove	Danville	Quebec	J0A 1A0
Écocentre de Wotton		533 rue Parc-Industriel	Wotton	Quebec	J0A 1N0
Écocentre Saint-Roch-des-Aulnaies		379 rte de l'Église	Saint-Roch-des-Aulnaies	Quebec	G0R 3Z0
Garage municipal du Canton d'Orford		1120 ch. de la Montagne	Orford	Quebec	J1X 6X9
Villeneuve Audio Vidéo; Stéréo Plus Joliette		50 rue Gauthier Nord	Notre-Dame-des-Prairies	Quebec	J6E 1V1
Micro Data Informatique		110 rue Saint-Louis	Rimouski	Quebec	G5L 5P7
Infotronix		6155 rue Marivaux	Montréal	Quebec	H1P 3H6
Evolutel		183 rue Freeman bureau 8	Gatineau	Quebec	J8Z 2A7
Micro en gros		2231 ch. Gascon	Terrebonne	Quebec	J6X 4H3
Tech-Nic Réseau Conseil		49 rue Angus Nord	East Angus	Quebec	J0B 1R0
Écocentre Saint-Joseph-du-Lac		4085 ch. d?Oka	Saint-Joseph-du-Lac	Quebec	J0N 1M0
Arteau Récupération		665 rue du Nickel bureau 1100	Québec	Quebec	G2N 0J9
Écocentre Napierville		240 rue Poupart	Napierville	Quebec	J0J 1L0
Écocentre Sainte-Thècle		1951 ch. Saint-Georges	Sainte-Thècle	Quebec	G0X 3G0
Écocentre Wentworth-Nord		3488 rte Principale	Wentworth-Nord	Quebec	J0T 1Y0
Écocentre Roberval		1855 rue Castonguay	Roberval	Quebec	G8K 1T6
Écocentre de Grandes-Piles		620 5e Avenue	Grandes-Piles	Quebec	G0X 1H0
Écocentre Saint-Adelphe		191 rang Sud-Est	Saint-Adelphe	Quebec	G0X 2G0
Écocentre Lac-aux-Sables		900 ch. de la Batiscan	Lac-aux-Sables	Quebec	G0X 1M0
Ressourcerie Lévis		24 rue Charles-A-Cadieux	Lévis	Quebec	G6V 7Z6
Informatique ASR		9 rue Passenger	Stanstead	Quebec	J0B 3E2
Ameublement Brandsource Desrochers		229 rue Principale	Plaisance	Quebec	J0V 1S0
Les services Kopilab		231  2e Rang Ouest	Sainte-Luce	Quebec	G0K 1P0
Cyberlogic Informatique		159 rue Jean-Talon Ouest bureau 101	Montréal	Quebec	H2R 2X2
Derytelecom		1013 rue Bagot	Saguenay	Quebec	G7B 2N6
Services Informatiques Commtech		165 rue Gamelin	Gatineau	Quebec	J8Y 1W1
Encreco		2189 boul. Talbot	Saguenay	Quebec	G7H 8B3
La Source; Dolbeau Mistassini		1358 boul. Wallberg	Dolbeau-Mistassini	Quebec	G8L 1H1
Micro Informatique-extreme		1206 boul. de l'Assomption Est	Repentigny	Quebec	J6A 0B7
Distribution électronique F.C.		721 rue Bossé	Baie-Comeau	Quebec	G5C 1L5
Centre électronique informatique Knowlton		489 ch. Knowlton	Lac-Brome	Quebec	J0E 1V0
Ordimatique		592 ch. du Grand-Bernier Nord	Saint-Jean-sur-Richelieu	Quebec	J3B 7G2
Microbytes; Centre-Ville		625 boul. René-Levesque Ouest bureau 100	Montréal	Quebec	H3B 1R2
Martin Crépeau Informatique		5 rue Sainte-Julie Est	Saint-André-Avellin	Quebec	J0V 1W0
Le Petit coin de l'informatique		1160 rte Principale	Sainte-Mélanie	Quebec	J0K 3A0
Saguenay Informatique		1740 boul. Du Royaume	Saguenay	Quebec	G7H 5B1
Municipalité de Montpellier		4 rue Du Bosquet	Montpellier	Quebec	J0V 1M0
Écocentre Marie- Victorin		1140 boul. Marie- Victorin	Longueuil	Quebec	J4G 2H4
Garage municipal de L'Islet		425 rue Principale	Sainte-Perpétue	Quebec	G0R 3Z0
Hôtel de ville de Chénéville		63 rue de L'Hôtel-de-Ville	Chénéville	Quebec	J0V 1E0
Écocentre Saint-Samuel		487 rue des Loisirs	Saint-Samuel	Quebec	G0Z 1G0
Garage municipal de Montebello		577 rue Dollard	Montebello	Quebec	J0V 1L0
Écocentre d?Oka		2017 ch. d'Oka	Oka	Quebec	J0N 1E0
Garage municipal Ripon	Sur appel seulement	139 rue Principale	Ripon	Quebec	J0V 1V0
Garage municipal Ste-Clotilde-de-Horton		17 rte 122	Sainte-Clotilde-de-Horton	Quebec	J0A 1H0
Écocentre Val-des-Bois		595 rte 309	Val-des-Bois	Quebec	J0X 3C0
Monburo.ca; Solutions Témis		331 av. Principale	Dégelis	Quebec	G5T 1L1
GPC Micro		6188 rue Jean-Talon Est	Montréal	Quebec	H1S 1M8
Centre informatique Memphré		69 rue Laurier	Magog	Quebec	J1X 2K2
Électronique Mercier		162 rue Fraser	Rivière-du-Loup	Quebec	G5R 1C8
Écocentre Notre-Dame-de-la-Salette		13 rue du Rollin	Notre-Dame-de-la-Salette	Quebec	J0X 2L0
Garage municipal Maskinongé		36 B rue Saint-Denis	Maskinongé	Quebec	J0K 1N0
Garage municipal de Grenville		10 rue du Moulin	Grenville	Quebec	J0V 1J0
Écocentre Canton de Gore		40 ch. Sideline	Gore	Quebec	J0V 1K0
Tricentris; Lachute		651 ch. Félix Touchette	Lachute	Quebec	J8H 2C5
Écocentre Saint-Chrysostome		400 rang Saint-Antoine	Saint-Chrysostome	Quebec	J0S 1R0
Bureau municipal de Low		4A ch. d'Amour	Low	Quebec	J0X 2C0
Écocentre Lac-des-Seize-îles		10 rue Lapierre	Lac-des-Seize-îles	Quebec	J0T 2M0
Écocentre de la Seigneurie		68 boul. de la Seigneurie	Blainville	Quebec	J7C 4N1
Garage municipal de L'Ange-Gardien		870 ch. Donaldson	L'Ange-Gardien	Quebec	J8L 0K8
Goyette Info Plus		5020 rte 132	Sainte-Catherine	Quebec	J5C 1L8
Écocentre Lanoraie		297 rue Notre-Dame	Lanoraie	Quebec	J0K 1E0
Écocentre de Harrington		ch. de l'écocentre	Harrington	Quebec	J8G 2T1
Garage municipal de Saint-Paul-d'Abbotsford		926 rue Principale	Saint-Paul-d'Abbotsford	Quebec	J0L 1A0
Garage municipal de L'Ange-Gardien		137 rue Principale	Ange-Gardien	Quebec	J0E 1E0
Garage municipal de Marieville		2008 rue Saint-Césaire	Marieville	Quebec	J3M 1J5
Garage municipal de Richelieu		650 10e Avenue	Richelieu	Quebec	J3P 3P6
Hôtel de ville de Rougemont		61 ch. de Marieville	Rougemont	Quebec	J0L 1M0
Garage municipal de Sainte-Angèle-de-Monnoir		11 ch. du Vide	Sainte-Angèle-de-Monnoir	Quebec	J0L 1P0
Garage municipal de Bonaventure		211 av. de Grand-Pré	Bonaventure	Quebec	G0C 1E0
Écocentre Saint-Anne-des-Monts		730 Sainte-Anne Ouest	Sainte-Anne-des-Monts	Quebec	G4V 1V2
Garage municipal de Saint-Alexis-de-Matapédia		121 rue Rustico Nord	Saint-Alexis-de-Matapédia	Quebec	G0J 2E0
Bureau municipal Val Brillant		11 rue Saint-Pierre Ouest	Val-Brillant	Quebec	G0J 3L0
Écocentre Mansfield-et-Pontefract		ch. du Lac de la Truite	Mansfield-et-Pontefract	Quebec	J0X 1R0
Dépôt municipal  Saint-Charles-sur-Richelieu		405 ch. des Patriotes	Saint-Charles-sur-Richelieu	Quebec	J0H 2G0
Garage municipal de Paspébiac		231 rte Saint-Pie X	Paspébiac	Quebec	G0C 2K0
Garage municipal de La Matapédia		8 rue MacDonell	Matapédia	Quebec	G0J 1V0
Garage municipal de Pointe-à-la-Croix		rue de la Carrière (pas de # civique)	Pointe-à-la-Croix	Quebec	G0C 1L0
Garage municipal d'Escuminac		169 boul. Perron	Escuminac	Quebec	G0C 1N0
Garage municipal de New Richmond		128 boul. Perron Est	New Richmond	Quebec	G0C 2B0
Garage municipal de Saint-François-d'Assise		399 ch. Central	Saint-François-d'Assise	Quebec	G0J 2N0
Garage municipal de Maria		57 rue des Mésanges	Maria	Quebec	G0C 1Y0
Écocentre Saint-Maxime du Mont-Louis		9 av. B	Saint-Maxime-du-Mont-Louis	Quebec	G0E 1T0
Garage municipal de Carleton-sur-Mer		11 rue Comeau	Carleton-sur-Mer	Quebec	G0C 1J0
Garage municipal de La Nouvelle		470 rue Francoeur	Nouvelle	Quebec	G0C 2E0
Écocentre Saint-Honoré		2991 boul. Martel	Saint-Honoré	Quebec	G0V 1L0
Écocentre Saint-Donat		214 ch. du Long-de-la-Rivière	Saint-Donat	Quebec	J0T 2C0
Écocentre Anse-Saint-Jean		31 rang Saint-Thomas Sud	L'Anse-Saint-Jean	Quebec	G0V 1J0
Hôtel de ville de Crabtree		111 4e Avenue	Crabtree	Quebec	J0K 1B0
Papeterie St-Rémi		725 Notre-Dame	Saint-Rémi	Quebec	J0L 2L0
Microbytes; Rosemère		207 boul. Labelle	Rosemère	Quebec	J7A 2H3
Microbytes; Mascouche		168 Montée Masson	Mascouche	Quebec	J7K 3B5
ORDIGENI; Électronique et Informatique		267 boul. Fiset	Sorel-Tracy	Quebec	J3P 3P9
Hôpital Hôtel-Dieu-de-Montmagny		350 boul. Taché Ouest	Montmagny	Quebec	G5V 3R8
L'Intro Musique		11 rue Sainte-Anne	Ville-Marie	Quebec	J9V 2B6
Ordi Occasion		8674 ave Chaumont	Montréal	Quebec	H1K 1N6
Meubles Réal Levasseur 1955		1730 rue Principale	Pohénégamook	Quebec	G0L 1J0
Microbytes; Pointe-Claire		940 boul. Saint-Jean bureau 15	Pointe-Claire	Quebec	H9R 5N8
Édifice Léon-Taillon		200 rue Bella-Vista	Saint-Basile-le-Grand	Quebec	J3N 1M1
Écocentre Saint-Félix-de-Valois		4400 rue Beaudry	Saint-Félix-de-Valois	Quebec	J0K 2M0
Écocentre Bois-des-Filion		700 rue de la Sablière	Bois-des-Filion	Quebec	J6Z 4T7
Site de transbordement de St-Michel-des-Saints		701 ch. de l?industrie	Saint-Michel-des-Saints	Quebec	J0K 3B0
Garage municipal de Notre-Dame-de-la-Merci		2101 rte 125	Notre-Dame-de-la-Merci	Quebec	J0T 2A0
Garage municipal de Mont-Saint-Hilaire	Citoyens seulement	901 boul. Sir-Wilfrid-Laurier	Mont-Saint-Hilaire	Quebec	J3H 6H7
Xpert Micro		1010 1ere rue	Richelieu	Quebec	J3L 3W7
Écocentre Parisville		975 rue Principale O	Parisville	Quebec	G0S 1X0
Écocentre Fortierville		198 rue de la Fabrique	Fortierville	Quebec	G0S 1J0
Écocentre Sainte-Adèle		2815 ch.  Rolland	Sainte-Adèle	Quebec	J8B 1C9
Écocentre de l?Aéroport		26 rue Pierre Ménard	Gatineau	Quebec	J8R 3X3
Écocentre Victoriaville		370 de la Bulstrode	Victoriaville	Quebec	G6P 9J7
Microbytes; Montréal		3830 rue Saint-Denis	Montréal	Quebec	H2W 2M2
Travaux publics; Côte Saint-Luc		7001 ch. Mackle	Côte-Saint-Luc	Quebec	H4W 1A5
Travaux publics; Voirie de Westmount		1 rue Bethune	Westmount	Quebec	H3Z 2L2
Entrepôt municipal		599 ch. des Patriotes	Saint-Denis-sur-Richelieu	Quebec	J0H 1K0
Écocentre de Beloeil		986 rue Dupré	Beloeil	Quebec	J3G 4A8
1-800-Got-Junk; Lachine		150 boul. de Montréal-Toronto suite 108 porte 19	Montréal	Quebec	H8S 4L8
Electro-Meubles Denis		1721  L'Annonciation Sud	Rivière-Rouge	Quebec	J0T 1T0
Dépôt CRI Environnement		75 rue du Progrès	Coteau-du-Lac	Quebec	J0P 1B0
NSLOne Informatique	Ouvert lundi au mercredi 8 h 30 à 18 h Jeudi et vendredi 8 h 30 à 21 h	2330 av. Sainte-Anne	Saint-Hyacinthe	Quebec	J2S 5H9
Écocentre Farnham		1180 boul. Industriel	Farnham	Quebec	J2N 3B5
Dépôt Ville de Dollard-des-Ormeaux	Le site est ouvert aux résidents de Dollard-des-Ormeaux SEULEMENT, preuve de résidence obligatoire	100 rue Glenmore	Dollard-Des Ormeaux	Quebec	H9B 2X9
Ameublements Tanguay		1990 boul. Talbot	Saguenay	Quebec	G7H 7Y3
Technipc Informatique	Ouvert lundi au mercredi de 8h30 à 17h30 Jeudi et vendredi de 8h30 à 20h00 Samedi de 9h00-12h00 Dimanche fermé	44 rue du Collège	Pont-Rouge	Quebec	G3H 3A3
Écocentre Trois-Rivières- secteur est		1921 rue des Toitures	Trois-Rivières	Quebec	G8V 1W1
Écocentre Saint-Prosper		2690 40e rue	Saint-Prosper	Quebec	G0M 1Y0
Écocentre Barraute		rue du Moulin	Barraute	Quebec	J0Y 1A0
Centre de transbordement Ville de La Tuque		1220 ch. des Pionniers	La Tuque	Quebec	G9X 3N6
Écocentre Bon débarras		2456 route 125	Sainte-Julienne	Quebec	J0K 2T0
Écocentre Bedford		80 rue Cyr	Bedford	Quebec	J0J 1A0
Écocentre de Chertsey		225 rue du Progrès	Chertsey	Quebec	J0K 3K0
Écocentre Sutton		260 rte 139 Sud	Sutton	Quebec	J0E 2K0
Informatique Infotech	Ouvert lundi au mercredi de 8 h 30 à 17 h 30 Jeudi et vendredi de 8 h 30 à 20 h 30	123 rue Georges	Gatineau	Quebec	J8M 1T6
Byte Mobile		1672 chemin Gascon	Terrebonne	Quebec	J6X 4H9
Centre de tri Warwick		17 rue du Lac	Warwick	Quebec	J0A 1M0
Ameublements Tanguay; Centre de distribution		7200 rue Armand-Viau	Québec	Quebec	G2C 2A7
Ameublements Tanguay		2200 boul. des Récollets	Trois-Rivières	Quebec	G8Z 3X5
Ameublements Tanguay		8955 boul. Lacroix	Saint-Georges	Quebec	G5Y 5H5
Ameublements Tanguay		245 boul. de l'Hôtel-de-Ville	Rivière-du-Loup	Quebec	G5R 5H5
Ameublements Tanguay		375 montée Industrielle-et-Commerciale	Rimouski	Quebec	G5M 1Y1
Dépôt Saint-Anselme		1265 rte Bégin	Saint-Anselme	Quebec	G0R 2N0
Écocentre Bromont		20 rue du Pacifique Est	Bromont	Quebec	J2L 1J5
Les Entreprises J.M. Arsenault 1982		172 ave Port-Royal	Bonaventure	Quebec	G0C 1E0
PC Diamond Informatique		300 rue De La Forge	Namur	Quebec	J0V 1N0
Écocentre Sainte-Françoise		563 Rang 11	Sainte-Françoise	Quebec	G0S 2N0
Site de transbordement de l'Isle-aux-Allumettes		625 ch. du Rang 5	L'Isle-aux-Allumettes	Quebec	J0X 1M0
Écocentre de Potton		5 ch. West-Hill	Potton	Quebec	J0E 1X0
Monburo.ca Montmagny		49 rue Saint-Jean-Baptiste Est	Montmagny	Quebec	G5V 1J6
Équipement de bureau Ungava		529 3e rue	Chibougamau	Quebec	G8P 1N8
Koncas Recyclage		10930 rue Sherbrooke Est	Montréal-Est	Quebec	H1B 1B4
Système Électronique Larivière		573 90 ième rue	Saint-Georges	Quebec	G5Y 3L1
Écocentre Rivière-à-Pierre		824 rue Principale	Rivière-à-Pierre	Quebec	G0A 3A0
Écocentre Saint-Ubalde		570 rang Saint-Paul Nord	Saint-Ubalde	Quebec	G0A 4L0
Rubanco BuroPlus		2158 rue de la Province	Longueuil	Quebec	J4G 1R7
Électronique Pelletier TV		1480 rte 230 Est	Sainte-Anne-de-la-Pocatière	Quebec	G0R 1Z0
Écocentre Petit-Saguenay		35 rue du Quai	Petit-Saguenay	Quebec	G0V 1N0
Fleet Informatique		750 rue Notre-Dame bureau D	Berthierville	Quebec	J0K 1A0
Rhesus	Ouvert lundi au jeudi 7 h 30 à 17 h Vendredi 8 h à 15 h	757 boul. Pierre-Roux Est bureau 102	Victoriaville	Quebec	G6T 1S7
LET de Sept-îles		ch. du Lac Daigle	Sept-îles	Quebec	
Écocentre de Sept-îles		601 boul. des Montagnais	Sept-îles	Quebec	G4R 5B8
Coop UQAM	Ouvert lundi au mercredi 9 h à 18 h Jeudi et vendredi 9 h à 20 h Samedi 10 h à 17 h	289 rue Sainte-Catherine Est	Montréal	Quebec	H2X 1L5
Stéréo Plus; La Malbaie	Ouvert 9 h 30 à 17 h 30	446 rue Saint-Étienne	La Malbaie	Quebec	G5A 1H4
Écocentre RIGDCS		1095 du chemin Bilodeau	Coaticook	Quebec	J1A 2S4
Écocentre Paul Ménard		28 ch. Cooke	Chapais	Quebec	G0W 1H0
Ateliers municipaux de la ville Kirkland		25 rue Claude-Jodoin	Kirkland	Quebec	H9H 5E6
Écocentre Fermont		2 rue du Camp	Fermont	Quebec	G0G 1J0
Écocentre Notre-Dame-du-Nord		71 rue Principale Nord	Notre-Dame-du-Nord	Quebec	J0Z 3B0
Audio Vidéo Amqui	Nouvelle adresse depuis le 1e septembre 2016 Ancienne adresse : 33, rue des Forges, Amqui	238 rue Banville	Sainte-Paule	Quebec	G5J 3A5
Garage municipal de Saint-Victor		176 rue Principale	Saint-Victor	Quebec	G0M 2B0
1-800-Got-Junk; Ville Saint-Laurent		5445 ch. du Bois-Franc	Montréal	Quebec	H4S 1A9
1-800-Got-Junk; Québec	Sur rendez-vous seulement	3-990 rue Raoul-Jobin	Québec	Quebec	G1N 1S9
Normand Nadeau TV	Ouvert 9 h à 17 h 30	500 boul. Vachon Nord	Sainte-Marie	Quebec	G6E 1M1
Écocentre Lac Brome		50 ch. Mill	Lac-Brome	Quebec	J0E 1V0
Boulevard électroniqueoeStéréo Plus; Valleyfield	Ouvert 9 h à 17 h 30	3225 boul. Mgr Langlois	Salaberry-de-Valleyfield	Quebec	J6S 2H9
Écocentre Richmond		500 10e Avenue	Richmond	Quebec	J0B 2H0
Infoteck	Ouvert lundi au vendredi 8 h à 16 h 30	1030 boul. Port-Royal bureau 008	Bécancour	Quebec	G9H 1X6
Renaissance; Librairie Pierrefonds		14891 boul. De Pierrefonds	Montréal	Quebec	H9H 4M5
Renaissance; Librairie Plateau		1310 av. du Mont-Royal Est	Montréal	Quebec	H2J 1Y5
Renaissance; Librairie NDG		4001 boul. Décarie	Montréal	Quebec	H4A 3J8
Renaissance; Centre de don île-des-S?urs		750 ch. du Golf	Montréal	Quebec	H3E 1A8
Renaissance; Fripe-Prix Saint-Lambert		423 av. Victoria	Saint-Lambert	Quebec	J4P 2J1
Renaissance; Centre de don Outremont		1089 av. Bernard	Montréal	Quebec	H2V 1V1
Renaissance; Centre de don Cadillac		6002 rue Sherbrooke Est	Montréal	Quebec	H1N 1B8
Renaissance; Centre de don des Laurentides		5140 boul. Des Laurentides	Laval	Quebec	H7K 2J5
Renaissance; Centre de don Concorde		2770 boul. De La Concorde Est	Laval	Quebec	H7E 2B4
Renaissance; Centre de don LaSalle		8459 boul. Newman	Montréal	Quebec	H8N 2Y7
Renaissance; Centre de don île-Bizard		570 boul. Jacques-Bizard	Montréal	Quebec	H9C 2H2
Renaissance; Centre de don Dorval		707 ch. du Bord-du-Lac	Dorval	Quebec	H9S 2B9
Renaissance; Centre de don Beaconsfield		42B boul. Saint-Charles	Beaconsfield	Quebec	H9W 5Z6
Renaissance; Centre de don Lajeunesse		9105 rue Lajeunesse	Montréal	Quebec	H2M 1S3
Renaissance; Centre de don Fleury		2407 rue Fleury Est	Montréal	Quebec	H2B 1L1
Renaissance; Fripe-Prix Pie-IX		2030 boul. Pie-IX	Montréal	Quebec	H1V 2C8
De tout pour tout.com		1900 rue Thomas Edison	Terrebonne	Quebec	J6Y 2A4
Renaissance; Fripe-Prix Saint-Laurent		7250 boul. Saint-Laurent	Montréal	Quebec	H2R 2X9
Renaissance; Fripe-Prix Saint-Jacques		7205 rue Saint-Jacques Ouest	Montréal	Quebec	H4B 1V3
Renaissance; Fripe-Prix Côte-des-Neiges		6700 ch. de la Côte-des-Neiges local 205	Montréal	Quebec	H3S 2B2
P.V. Informatique		940 boul. Lachapelle	Saint-Jérôme	Quebec	J7Z 7M4
Garage municipal de Disraeli		295 rue Saint-Louis	Disraeli	Quebec	G0N 1E0
Écocentre Ormstown		9 rue Saint-Paul	Ormstown	Quebec	J0S 1K0
Écocentre de Val-des-Lacs		20 montée Charron	Val-des-Lacs	Quebec	J0T 2P0
Écocentre de Ste-Lucie des Laurentides		2143 ch. Martin	Sainte-Lucie-des-Laurentides	Quebec	J0T 2J0
Écocentre d'Amherst		1323 rte 323 Sud	Rivière-Rouge	Quebec	J0T 2L0
Écocentre Rawdon		3269 rue Metcalfe	Rawdon	Quebec	J0K 1S0
Écocentre de Lantier		118 Croissant des Trois-Lacs	Lantier	Quebec	J0T 1V0
Écocentre de la Minerve		75 ch. de la Minerve	La Minerve	Quebec	J0T 1S0
Écocentre Lac Supérieur		1101 ch. du lac Supérieur	Lac-Supérieur	Quebec	J0T 1J0
Écocentre d'Huberdeau		110 ch. de la Rouge	Huberdeau	Quebec	J0T 1G0
Technopolis		999 rue Dollard local 14	Gatineau	Quebec	J8L 3E6
Bureau municipal Deschaillons		1596 rte Marie-Victorin	Deschaillons-sur-Saint-Laurent	Quebec	G0S 1G0
A.M.C. Informatique enr.		1171 rte Louis-Cyr	Saint-Jean-de-Matha	Quebec	J0K 2S0
Ordi-Plus		305 rue Saint-Joseph	La Tuque	Quebec	G9X 3A8
Encre à Rabais.com		40 ch. des Deux Criques	Mont-Tremblant	Quebec	J8E 1X5
Maison des jeunes Lebel-sur-Quévillon		52 rue des Trembles	Lebel-sur-Quévillon	Quebec	J0Y 1X0
Écocentre Les Bergeronnes		995 rang Saint-Joseph	Les Bergeronnes	Quebec	G0T 1G0
Entreprises Pavco		180 Armand-Majeau	Saint-Roch-de-l'Achigan	Quebec	J0K 3H0
Stéréo Plus; Trois-Rivières		5715 boul. Gene-H. Kruger	Trois-Rivières	Quebec	G9A 4N9
Visionic Informatique		420  107e rue	Saint-Georges	Quebec	G5Y 8K1
Électrocentre (2000)		1204 av. Saint-Édouard	Plessisville	Quebec	G6L 2J9
Sertek Informatique		496 av. Blanchand	Chandler	Quebec	G0C 1K0
CIPC		2536 boul. Rosemont	Montréal	Quebec	H1Y 1K4
Brunelle Électronique 1986		10 rue Main Ouest	Coaticook	Quebec	J1A 1P2
Ovation Logistique inc.		4000 rue Jean-Marchand bureau 106	Québec	Quebec	G2C 1Y6
Équipement de bureau Robert Légaré		411 rue John-F. Kennedy	Saint-Jérôme	Quebec	J7Y 4B5
Consultants ISM		199 rang du Golf	Lavaltrie	Quebec	J5T 3C6
PC Expert		45 rue Wellington	Coaticook	Quebec	J1A 2H6
Informatique Orford		1585 rue Sherbrooke	Magog	Quebec	J1X 2T5
CRC Ordinateur		1256 rue Bergar	Laval	Quebec	H7L 5A2
Garage municipal de Notre-Dame-du-Mont-Carmel		3860 rue de l'Hôtel-de-Ville	Notre-Dame-du-Mont-Carmel	Quebec	G0X 3J0
Salon de l'Électronique	Ouvert lundi au mercredi 9 h 30 à 17 h Jeudi et vendredi 9 h 30 à 20 h	2783 rue Nichols	Saint-Hyacinthe	Quebec	J2S 2X2
Meubles Jacob		215 rte 153	Saint-Tite	Quebec	G0X 3H0
Écocentre Saint-Ambroise		470 rue des Producteurs	Saint-Ambroise	Quebec	G7P 3A9
Hamster Le Plateau		765 rue Beaubien Est	Montréal	Quebec	H2S 1S8
Renaissance; Fripe-Prix Verdun		4261 rue Wellington	Montréal	Quebec	H4G 1V9
Renaissance; Fripe-Prix Des Laurentides		381 boul. Des Laurentides	Laval	Quebec	H7G 2T9
Renaissance; Fripe-Prix Pointe-aux-Trembles		1530 boul. Saint-Jean-Baptiste	Montréal	Quebec	H1B 4A4
Renaissance; Fripe-Prix Masson		3200 rue Masson	Montréal	Quebec	H1Y 1Y3
Renaissance; Fripe-Prix Saint-Hubert		6960 rue Saint-Hubert	Montréal	Quebec	H2S 2M9
Renaissance; Fripe-Prix Décarie		1495 rue de l?Église	Montréal	Quebec	H4L 2H5
Renaissance; Librairie Beaumont		1244 av. Beaumont	Mont-Royal	Quebec	H3P 3E5
Renaissance; Librairie des Sources		4917 boul. Des Sources	Montréal	Quebec	H8Y 3C8
Erso Informatique		159 boul. de Gaspé	Gaspé	Quebec	G4X 1A4
Logesco Informatique; Nicolet		2350 boul. Louis-Fréchette	Nicolet	Quebec	J3T 1M9
Hôtel de ville de Léry		1 rue de L'hôtel-de-ville	Léry	Quebec	J6N 1E8
Écocentre Saint-Tite		1019 rte 153	Saint-Tite	Quebec	G0X 3H0
Écocentre de Thetford		251 rue Caouette Ouest	Thetford Mines	Quebec	G6G 7M7
Le Papetier le libraire		403 Notre-Dame	Repentigny	Quebec	J6A 2T2
Kreasoft Développement de Solutions Informatiques		5532 ch. de L'Aéroport	Valcourt (Ville)	Quebec	J0E 2L0
Garage municipal de Sainte-Catherine		5900 boul. Saint-Laurent	Sainte-Catherine	Quebec	J5C 1B2
Garage municipal-Travaux publics de Candiac		80 boul. Montcalm Nord	Candiac	Quebec	J5R 3L8
Hôtel de ville de Saint-Placide		281 montée Saint-Vincent	Saint-Placide	Quebec	J0V 2B0
Centre de transbordement Pointe-Calumet		720 38e rue	Pointe-Calumet	Quebec	J0N 1G2
The UPS Store; Lévis		44 rte du Président-Kennedy bureau 6	Lévis	Quebec	G6V 6C5
Garage municipal de Taschereau		13 rue Principale	Taschereau	Quebec	J0Z 3N0
Progitech DM		1155 boul. Marcotte	Roberval	Quebec	G8H 2B5
Performance Informatique		1226 rue Dionne	Drummondville	Quebec	J2B 2N7
Électronique Marcel Guimond		375 rue du Collège	Sorel-Tracy	Quebec	J3P 2J5
Meubles Jacob		560 av. Broadway	Shawinigan	Quebec	G9N 1M3
Ressourcerie Saint-David-de-Falardeau		Embranchement #2 du lac Sébastien	Saint-David-de-Falardeau	Quebec	G0V 1C0
Centre Hi-Fi Groupe Sélect		4370 boul. Royal	Shawinigan	Quebec	G9N 7X7
Microgest Informatique		81 rue Notre-Dame	Saint-Tite	Quebec	G0X 3H0
Ovation Logistique inc.		9005 boul. du Quartier	Brossard	Quebec	J4Y 2P4
Ovation Logistique inc.		2745 av. Francis-Huges	Laval	Quebec	H7L 3S8
Péga Informatique		747 boul. Vezina	Dolbeau-Mistassini	Quebec	G8L 2V5
N.G. Informatique		500 boul. Industriel	Saint-Eustache	Quebec	J7R 5V3
D.V. Services Techniques		516 av. 19e	Montréal	Quebec	H8S 3S5
Garage municipal de Saint-Philippe		68 Montée Monette	Saint-Philippe	Quebec	J0L 2K0
Réso-Tech Informatique		2735 boul. Père-Lelièvre	Québec	Quebec	G1P 2X9
Solutek Informatique		36 rue Angus Nord	East Angus	Quebec	J0B 1R0
Québécom Info Plus		4579 boul. Bourque	Sherbrooke	Quebec	J1N 2G6
Service Informatique Sept-Iles		370 av. Jolliet	Sept-îles	Quebec	G4R 2B2
Marco Michaud Informatique		1169 3e rue	Val-d'Or	Quebec	J9P 4B2
Technic S.M.		3 rue de l'Hôtel de Ville	Sainte-Élizabeth-de-Warwick	Quebec	J0A 1M0
Écocentre Saint-Alphonse-Rodriguez		921 rte 343	Saint-Alphonse-Rodriguez	Quebec	J0K 1W0
Écocentre Saint-Jacques-le-Mineur		263 boul. Edouard VII	Saint-Jacques-le-Mineur	Quebec	J0J 1Z0
Écocentre Château-Richer		30 Côte de la Chapelle	Château-Richer	Quebec	G0A 1N0
Sonic Informatique inc.	Ouvert lundi au mercredi 9 h à 18 h Jeudi et vendredi 9 h à 19 h Samedi 9 h à 16 h	101 boul. Cardinal-Léger #65	Pincourt	Quebec	J7W 3Y3
Poste de transbordement Saint-Zénon		120 rang Saint-François	Saint-Zénon	Quebec	J0K 3N0
Déchetterie Saint-Camille-de-Lellis	Sur rendez-vous seulement. Les résidents peuvent déposer les PE à l'hôtel de ville à partir de la mi-novembre jusqu'à avril.	rue Fournier	Saint-Camille-de-Lellis	Quebec	G0R 2S0
Fugitek	Ouvert du lundi au vendredi de 8 h 00 à 16 h 00	7653 rue Cordner	Montréal	Quebec	H8N 2X2
Écocentre de Stoneham		100 ch. Plante	Stoneham-et-Tewkesbury	Quebec	G3C 0S4
Garage municipal l'Ascension-de-Patapédia		62 rue Principale	L'Ascension-de-Patapédia	Quebec	G0J 1R0
Mini écocentre Saint-Isidore		202 rue Boyer	Saint-Isidore	Quebec	J0L 2A0
Marceau Radio TV enr.		754 rte Bégin	Saint-Anselme	Quebec	G0R 2N0
C.E.S. Informatique		216 rue des Oblats Ouest	Saguenay	Quebec	G7J 2B1
Électronique JFB		34 rte 271  Bureau 11	Saint-Éphrem-de-Beauce	Quebec	G0M 1R0
Stil Informatique		3699 boul. Dagenais Ouest	Laval	Quebec	H7P 5C9
Dépôt municipalité Sainte-Marthe		776 rue des Loisirs	Sainte-Marthe	Quebec	J0P 1W0
Municipalité de Saint-Mathieu		311 ch. Saint-Édouard	Saint-Mathieu	Quebec	J0L 2H0
Services PIPC		483 9e rue Est	La Guadeloupe	Quebec	G0M 1G0
Cartouches Certifiées; Boutique		3813 rue Saint-Denis	Montréal	Quebec	H2W 2M4
Claude Fortier Radio-TV		540 8e rue Est	La Guadeloupe	Quebec	G0M 1G0
Mides Photocopieur		1092 rue Lévis bureau 4	Terrebonne	Quebec	J6W 4L1
Cartouches Certifiées; Entrepôt		160 rue Saint-Viateur Est local #411	Montréal	Quebec	H2T 1A8
Écocentre Arthur-Gagnon		210 av. Marcel-Baril	Rouyn-Noranda	Quebec	J9X 7C1
Caserne de pompier Saint-David	2e samedi du mois de mars, juin, septembre et décembre: 9h à 12h	41 rue Vue-du-Manoir	Saint-David	Quebec	J0G 1L0
Écocentre Ste-Émélie-de-l'Énergie		593 rang de la Seigneurie	Sainte-Émélie-de-l'Énergie	Quebec	J0K 2K0
Matériaux secs Canton de Hope		123 rte Whittom	Hope	Quebec	G0C 2K0
Ressourcerie Entraide Agapè		3275 ch. Royal	Québec	Quebec	G1E 1V8
Coopérative de solidarité ETC		445 rue Lacroix	La Tuque	Quebec	G9X 1V8
Écocentre Disraeli	Résidents seulement	60 rue Industrielle	Disraeli	Quebec	G0N 1E0
Ressourcerie de la Matapédia		56 rue du Pont bureau 5	Amqui	Quebec	G5J 2P5
Garage municipal Shannon		79 ch. de Gosford	Shannon	Quebec	G0A 4N0
Cartouches-Escompte inc.	Ouvert lundi au vendredi 9 h 30 à 17 h 00 Samedi et dimanche 9 h 30 à 12 h	3920 boul. Wilfrid-Hamel	Québec	Quebec	G1P 2J2
Déchetterie municipale		120 rte du Président-Kennedy	Saint-Henri	Quebec	G0R 3E0
Recyclage Frédérick Morin		1752 rue Saint-Cléophas	Saint-Gabriel-de-Brandon	Quebec	J0K 2N0
Garage municipal Saint-Roch-de-Richelieu		1111 rue du Parc	Saint-Roch-de-Richelieu	Quebec	J0L 2M0
Bureau municipal Saint-Barthélemy		1980 rue Bonin	Saint-Barthélemy	Quebec	J0K 1X0
Solutions Informatiques G.A. Inc.		13950 boul. Lacroix	Saint-Georges	Quebec	G5Y 1P8
Solutions Informatiques G.A. Inc.		440 boul. Vachon Nord	Sainte-Marie	Quebec	G6E 1M1
Microsys TM		2995 boul. Le Corbusier	Laval	Quebec	H7L 3M3
Beauce Informatek	Ouvert lundi au jeudi 9 h à 19 h Vendredi 9 h à 16 h Samedi 9 h à 12 h	34 rte 271 sud	Saint-Éphrem-de-Beauce	Quebec	G0M 1R0
Écocentre de l'Ange-Gardien	Dernier samedi d'avril au dernier samedi d'octobre: Ouvert 8 h à 16 h	775 ch. Lucien Lefrançois	L'Ange-Gardien	Quebec	G0E 2K0
Northern village of Kuujjuaq		400 rue Airport-Road CP 210	Kuujjuaq	Quebec	J0M 1C0
Legault Électronique		789 rue Saint-Jean-Baptiste	Sainte-Martine	Quebec	J0S 1V0
Papeterie du Sagittaire 2003	Ouvert lundi au mercredi 8 h 30 à 17 h Jeudi et vendredi 8 h 30 à 18 h Samedi et dimanche fermés	1021 boul. Bécancour	Bécancour	Quebec	G9H 3T1
COOPSCO Trois-Rivières		3351 boul. des Forges pavillon Albert Tessier local 1255A-T	Trois-Rivières	Quebec	G9A 5H7
Entreposage St-Sulpice		711 rue Notre-Dame	Saint-Sulpice	Quebec	J5W 3X1
Garage municipal Saint-Constant		25 montée LaSaline	Saint-Constant	Quebec	J5A 2A8
Garage municipal Delson	Ouvert lundi au jeudi 8 h 30 à 12 h oe13 h à 16 h 30 Vendredi 8 h 30 à 12 h	142 rue Fleming	Delson	Quebec	J5B 1X6
IT Experts	Ouvert lundi au vendredi 9 h à 21 h	444 boul. Saint-René Est bureau 100	Gatineau	Quebec	J8P 8A9
STR Micro	Ouvert lundi au mercredi 9 h à 18 h Jeudi et vendredi 9 h à 21 h Samedi 9 h 30 à 17 h Dimanche fermé	1950 ch. du Fer-à-Cheval local B	Sainte-Julie	Quebec	J3E 2T6
Canadian Tire; Chicoutimi	Pour connaître les heures d'ouvertures de ce magasin, visitez le site.	1257 boul. Talbot	Saguenay	Quebec	G7H 4C1
Garage municipal Ham-Sud		22 ch. Gosford Sud	Ham-Sud	Quebec	J0B 3J0
Canadian Tire; Jonquière	Pour connaître les heures d'ouvertures de ce magasin, visitez le site.	2290 boul. René-Lévesque	Saguenay	Quebec	G7S 5Y5
Écocentre Lac-des-Plages		2053 ch. du Tour du Lac	Lac-des-Plages	Quebec	J0T 1K0
Ressourcerie Transition inc.		196 rue Dorion	Drummondville	Quebec	J2C 1T9
Garage municipal Notre-Dame-de-la-Paix		219 rue Notre-Dame	Notre-Dame-de-la-Paix	Quebec	J0V 1P0
Wemindji ecocenter		86 Beaver	Wemindji	Quebec	J0M 1L0
Recyc Lav	Sur rendez-vous seulement	1058 rte Saint-Joseph	Saint-Flavien	Quebec	G0S 1N0
Écoparc de Repentigny		336 rue Charles-Marchand	Repentigny	Quebec	J5Z 4P1
PSG Métal		175 boul. Louis XIV	Québec	Quebec	G2K 1W6
CYBER 3d	Heure d'ouverture 8h00 à 17h00 Du lundi au vendredi	727 boul. Frontenac Ouest	Thetford Mines	Quebec	G6G 7X9
Écocentre Saint-Tite-des-Caps		374 av. Royale	Saint-Tite-des-Caps	Quebec	G0A 4J0
Écocentre de Trécesson		 ch. Desboues	Trécesson	Quebec	J0Y 2S0
Maison Le Ricochet		9 ch. De la Beurrerie	La Pûche	Quebec	J0X 2W0
Garage municipal Deux-Montagnes	Avril à novembre : 1er samedi du mois: 9h à 15h	625 20e Avenue	Deux-Montagnes	Quebec	J7R 7E9
Garage municipal Fassett		1 rue Boucher	Fassett	Quebec	J0V 1H0
Centre de tri EBI Environnement inc.		1481 rue Raoul-Charette	Joliette	Quebec	J6E 8S5
Écocentre Sainte-Marcelline-de-Kildare		391 rang Pied de la Montagne	Sainte-Marcelline-de-Kildare	Quebec	J0K 2Y0
Lieu d?enfouissement en tranchée de Matagami		ch. du lac Matagami	Matagami	Quebec	J0Y 2A0
CGL Micro inc.	Lundi au mercredi : 8h30 à 17h30 Jeudi et vendredi 8h30 à 20h00 Samedi 10h00 à 16h00 (fermé le samedi pendant l'été)	199 rue Saint-Paul	Repentigny	Quebec	J5Z 2H9
InfoEstrie Senc.	Heures d'ouvertures: 8 h à 17 h	90 rue Main	North Hatley	Quebec	J0B 2C0
Ramasse.ca inc.		10800 rue Cantin	Montréal	Quebec	H1G 6P7
L'Entraide (Pont-Viau et Laval-des-Rapides) inc.		664 rue Saint-André	Laval	Quebec	H7G 3A5
Microrama Informatique inc.	Heures d'ouverture: 8 h 30 à 17 h	99 rue Edouart-Ellis	Gatineau	Quebec	J8P 4X7
Garage municipal Sainte-Élisabeth		2270 rue Principale	Sainte-Élisabeth	Quebec	J0K 2J0
Infoteck		2563 boul. des Hûtres	Shawinigan	Quebec	G9N 3A6
Textil'Art		2615 boul. Le Corbusier	Laval	Quebec	H7S 2E8
Garage municipal de Wemotaci		60 rue Kenosi	Wemotaci	Quebec	G0X 3R0
Canadian Tire; La Baie no 335	Pour connaître les heures d'ouvertures de ce magasin, visitez le site.	2300 rue Bagot	Saguenay	Quebec	G7B 3Z3
Garage municipal Opitciwan		1 rue Opitciwan	Obedjiwan	Quebec	G0W 3B0
Garage municipal Manawan		121 rue Mistassini	Manawan	Quebec	J0K 1M0
Renaissance; Librairie Chambly-Rémillard (Rive-Sud)		2590 ch. Chambly	Longueuil	Quebec	J4L 1M5
Renaissance; Librairie île-Perrot		106 boul. Don-Quichotte unité 22	L'île-Perrot	Quebec	J7V 6L7
Renaissance; Centre de don Somerled		6252 av. Somerled	Montréal	Quebec	H3X 2B6
Renaissance; Centre de don Jolibourg; Ouest de Laval		1263 boul. Jolibourg	Laval	Quebec	H7Y 1Z8
Renaissance; Centre de don Blainville; Rive-Nord		1083 boul. Curé-Labelle local 107	Blainville	Quebec	J7C 3M9
Renaissance; Fripe-Prix Montréal-Nord		5500 boul. Henri-Bourassa Est	Montréal	Quebec	H1G 2T2
Terrapure Environnement- Installation de Rouyn-Noranda		133 av. Marcel-Baril	Rouyn-Noranda	Quebec	J9X 7B9
Travaux publics; Beaconsfield		300 boul. Beaurepaire	Beaconsfield	Quebec	H9W 3C1
Renaissance; Centre de don Sainte-Julie		1615 ch. du Fer-À-Cheval	Sainte-Julie	Quebec	J3E 1G3
Terrapure Environnement- Installation de Rimouki		195 rue des Négociants	Rimouski	Quebec	G5M 1B7
Terrapure Environnement- Installation de Laterrière		3500  Chemin du Plateau Sud	Saguenay	Quebec	G7N 1L9
InfoXtreme		5308 rue Principale	Saint-Félix-de-Valois	Quebec	J0K 2M0
Garage municipal Berthierville		610 rue Saint-Viateur	Berthierville	Quebec	J0K 1A0
Centre de multirecyclage		105 rue Blanchard	Sainte-Thérèse	Quebec	J7E 4N4
Garage municipal Saint-Narcisse		353 rue Notre-Dame	Saint-Narcisse	Quebec	G0X 2Y0
Terrapure Environnement- Installation de Châteauguay		125 rue Bélanger	Châteauguay	Quebec	J6J 4Z2
Écocentre Saint-Zotique		2050 rue Principale	Saint-Zotique	Quebec	J0P 1Z0
Écocentre Lac-Simon		123 ch. Du Parc	Lac-Simon	Quebec	J0V 1E0
Garage municipal Saint-Côme		1195 39e rue	Saint-Côme	Quebec	J0K 2B0
Renaissance; Centre de distribution et de liquidation		5900 rue Ferrier	Montréal	Quebec	H4P 1M7
Entreprise Recyclage Ungava		925 3e rue	Chibougamau	Quebec	G8P 1R4
Kahnawake Mohawk Territory- Transfer Depot		P.O. Box 1089	Kahnawake	Quebec	J0L 1B0
Garage des travaux publics	Heures d'ouverture: Lundi au jeudi : 8h à 12h et 13h à 16h30. Vendredi : 8h à 12h.	300 rue Surrey	Baie-D'Urfé	Quebec	H9X 2E7
Bureautech Laurentides inc.		323 rue de la Madone	Mont-Laurier	Quebec	J9L 1R8
Écocentre de Saint-Ferréol-les-Neiges	1er avril au 1er décembre Jeudi et vendredi de 11h à 16h Samedi de 10h à 17h	4054 av. Royale	Saint-Ferréol-les-Neiges	Quebec	G0A 3R0
Écocentre de Lambton	Horaire: Mai à octobre. Samedi: 8h à 12h.	176 rang Saint-Michel	Lambton	Quebec	G0M 1H0
TDI Solutions inc.		1520 av. 55e	Montréal	Quebec	H8T 3J5
Conseil régional de l'environnement de Laval		3235 boul. Saint-Martin Est bureau 218	Laval	Quebec	H7E 5G8
Centre de tri de Chicoutimi (Matrec)		1185 rue Antonio-Lemaire	Saguenay	Quebec	G7K 1J2
Informatique Sylvain Patry		11 rue Vaillancourt	Gracefield	Quebec	J0X 1W0
Services Info Comm		90 boul. Notre-Dame	Clermont	Quebec	G4A 1C7
Écocentre de Rigaud		32 rue de la Coopérative	Rigaud	Quebec	J0P 1P0
Garage municipal Sainte-Marthe-sur-le-Lac		2960 boul. des Promenades	Sainte-Marthe-sur-le-Lac	Quebec	J0N 1P0
Garage municipal d'Entrelacs		2271 ch. d'Entrelacs	Entrelacs	Quebec	J0T 2E0
Stéréo Plus; Val d'Or		1817  3e-Avenue	Val-d'Or	Quebec	J9P 7A9
Renaissance; Centre de don Jarry		1460 rue Jarry Est	Montréal	Quebec	H2E 1A9
Écocentre Saint-Laurent	ICI: Quantité limité à 1 mètre cube par jour	3535 rue Sartelon	Montréal	Quebec	H4R 1E6
Centre d'ordinateurs S.T.O.		1415 rue Frank-Carrel	Québec	Quebec	G1N 4N7
Bazar Sainte-Rose	Appeler pour connaître les heures d'ouverture	186 boul. Sainte-Rose bureau B	Laval	Quebec	H7L 1L4
Écocentre Salaberry-de-Valleyfield		2575 boul. Mgr-Langlois	Salaberry-de-Valleyfield	Quebec	J6S 5P7
MultiRecycle		31 boul. Saint-Joseph	Montréal	Quebec	H8S 2K9
Garage municipal de Beaumont		48 ch. du Domaine	Beaumont	Quebec	G0R 1C0
Entreprise École Recypro		70 rue Simon	Lachute	Quebec	J8H 3R8
Écocentre de Saint-Hubert-de-Rivière-Du-Loup		151 1er Rang Est	Saint-Hubert-de-Rivière-du-Loup	Quebec	G0L 3L0
Écocentre de La Pocatière		410 14e rue	La Pocatière	Quebec	G0L 3L0
Renaissance; Centre de don Place Vilamont		1857 boul. René-Laennec	Laval	Quebec	H7M 5E2
Éco-quartier Montréal Nord		10861 boul. Pie-IX	Montréal	Quebec	H1H 4A9
La Ressourcerie de Portneuf		736 av. Principale	Saint-Marc-des-Carrières	Quebec	G0A 4B0
Electro-5 inc.	Du lundi au vendredi de 7h30 à 17h30	4135 boul. Industriel	Sherbrooke	Quebec	J1L 2S7
Déchetterie Saint-Magloire		160 rte 281	Saint-Magloire	Quebec	G0R 3M0
Écocentre Notre-Dame-de-Montauban		505 av. des Loisirs	Notre-Dame-de-Montauban	Quebec	G0X 1W0
Garage municipal Sainte-Béatrix	Mai à octobre seulement	1305 rang Sainte-Cécile	Sainte-Béatrix	Quebec	J0X 1Y0
Écocentre Saint-Lambert-de-Lauzon		515 rue Saint-Aimé	Saint-Lambert-de-Lauzon	Quebec	G0S 2W0
Renaissance; Centre de don Cousineau		6250 boul. Cousineau bureau 103A	Longueuil	Quebec	J3Y 8X9
Écocentre Saint-Rémi		284 rue de L?Église	Saint-Rémi	Quebec	J0L 2L0
Centre de tri Mélimax inc.		222 boul. Industriel	Châteauguay	Quebec	J6J 4Z2
Renaissance; Librairie Bélanger		5872 rue Bélanger	Montréal	Quebec	H1T 1G6
Fleet Informatique		134 rue Baby	Joliette	Quebec	J6E 2V5
Garage municipal Saint-Adalbert		106 rue Principale	Saint-Adalbert	Quebec	G0R 2W0
Écocentre Tricomm		550 ch. de la Gare	Schefferville	Quebec	G0G 2T0
Renaissance; Fripe-Prix Galeries Normandie		2670 rue de Salaberry local 2670 & 2674	Montréal	Quebec	H3M 1L3
Municipalité de La Macaza		53 rue des Pionniers	La Macaza	Quebec	J0T 1R0
Renaissance; Librairie Fleury-Hamel		1499 boul. Fleury Est	Montréal	Quebec	H2C 1S3
3R Québec inc.	Entrée sur la rue Napoléon-Groulx	310 rue Notre-Dame bureau B	Gatineau	Quebec	J8P 1L1
Kangiqsujuaq Co-op		  Kangiqsujuaq	Kangiqsujuaq	Quebec	J0M 1K0
Kangirsuk Co-op		  Kangirsuk	Kangirsuk	Quebec	J0M 1A0
Inukjuak Co-op		  Inukjuak	Inukjuak	Quebec	J0M 1M0
Kuujjuarapik Co-op		  Gd	Kuujjuarapik	Quebec	J0M 1G0
Écocentre Deschaillons		1995 rte Marie-Victorin	Deschaillons-sur-Saint-Laurent	Quebec	G0S 1G0
Éco-quartier Lachine		735 rue Notre-Dame	Montréal	Quebec	H8S 2B5
Bedirect inc.		640 boul. Industriel suite 103	Saint-Jean-sur-Richelieu	Quebec	J3B 7X4
Écocentre Saint-Alexis-des-Monts	Ouvert du 15 juin au 1er novembre	606 rte 349	Saint-Alexis-des-Monts	Quebec	J0K 1V0
PureSphera inc.		4170 boul. la Prade suite 100	Bécancour	Quebec	G9H 0B6
Salluit Co-op		  GD	Salluit	Quebec	J0M 1S0
Micro-écocentre de Deschambault-Grondines		11 boul. des Sources	Deschambault-Grondines	Quebec	G0A 1S0
Ovation Logistique inc.		1665 rue Atmec	Gatineau	Quebec	J8R 3Y2
GLC Audio Vidéo		249 rue de la Madone	Mont-Laurier	Quebec	J9L 1R3
Grands Frères Grandes S?urs de l'Outaouais		195 rue Devault unité 10	Gatineau	Quebec	J8Z 1S7
Shopper + inc.		2210 av. 52e	Montréal	Quebec	H8T 2Y3
Entreprises Century Laser	Heures d'affaires : de 8 h 30 à 17 h 00	8074 rte Transcanadienne	Montréal	Quebec	H4S 1M5
Garage municipal Sainte-Geneviève-de-Batiscan		33 rue Saint-Charles	Sainte-Geneviève-de-Batiscan	Quebec	G0X 2R0
COOPSCO F.X. Garneau		1660 boul. de l'Entente	Québec	Quebec	G1S 4S3
Renaissance; Centre de don Marcel-Laurin		1545 boul. Marcel-Laurin bureau 1	Montréal	Quebec	H4R 0B7
Fonderie Horne		101 av. Portelance	Rouyn-Noranda	Quebec	J9X 5B6
Renaissance; Centre de don Chambly Leblanc		1148 ch. de Chambly	Longueuil	Quebec	J4J 3W5
Centre Hi-Fi Chicoutimi		1840 boul. Talbot	Saguenay	Quebec	G7H 7Y2
Informatique Bromont		50 ch. de Gaspé	Bromont	Quebec	J2L 2N8
Groupe Focus Communications		17230 av. Saint-Louis	Saint-Hyacinthe	Quebec	J2T 3G7
Garage municipal de Sainte-Anne-de-la-Pérade		200 rue Principale	Sainte-Anne-de-la-Pérade	Quebec	G0X 2J0
Centre-Hi-Fi Ste-Agathe		217 rue Principale Est	Sainte-Agathe-des-Monts	Quebec	J8C 1K5
Écocentre Beauharnois		50 rue des Hauts-Fourneaux	Beauharnois	Quebec	J6N 1Y1
LML Technologie inc. oeAMJ Montréal		1255 av. 32ème	Montréal	Quebec	H8T 3H2
Dépôt Abénakis Wôlinak		10275 rue Leblanc bureau 109	Wôlinak	Quebec	G0X 1B0
Informatique Commerciale du Suroît inc.		1615 ch. Daoust bureau 100	Vaudreuil-Dorion	Quebec	J7V 0Z8
Électrobac-Centre de Commerce Mondial; Ivanhoé Cambridge	Devant la Banque Scotia, près de la sortie vers le Métro Square Victoria	747 rue du Square-Victoria	Montréal	Quebec	H2Y 3Y9
Électrobac-Immobilière Banque Nationale	À l'entrée Rue de la Gauchetière Ouest, dans le hall, à gauche	600 rue de la Gauchetière Ouest 2e étage	Montréal	Quebec	H3B 4L2
Électrobac-Loto-Québec	Au rez-de-chaussée, contre le mur qui est dos au poste de garde, à côté du bac multimatières et de piles	500 rue Sherbrooke Ouest	Montréal	Quebec	H3A 3C6
Électrobac-HEC Montréal; Édifice Decelles	Devant le registrariat; Édifice Decelles	5255 av. Decelles	Montréal	Quebec	H3T 2B1
Électrobac-Jardin botanique; Espace pour la vie	Dans le complexe d'accueil du Jardin botanique	4101 rue Sherbrooke Est	Montréal	Quebec	H1X 2B2
Électrobac-Cepsum; Université de Montréal	Entrée principale du Cepsum, au pied de l'escalier	2100 boul. Édouard-Montpetit	Montréal	Quebec	H3T 1J4
Électrobac-Pavillon André-Aisenstadt; Université de Montréal	Entrée principale du pavillon André-Aisenstadt	2920 ch. de la Tour	Montréal	Quebec	H3T 1N8
Électrobac-Pavillon Jean-Brillant; Université de Montréal	À droite, dans l'entrée principale du pavillon Jean-Brillant	3200 rue Jean-Brillant	Montréal	Quebec	H3T 1N8
Électrobac-HEC Montréal; Édifice Côte-Sainte-Catherine	À droite, dans l'entrée Louis-Colin; Édifice Côte-Sainte-Catherine	3000 ch. de la Côte-Sainte-Catherine	Montréal	Quebec	H3T 2A7
Les entreprises Gilles Plamondon ltée; La Clef de Sol		592 rue Saint-Joseph	Saint-Raymond	Quebec	G3L 1L1
Électrobac-Maison du développement durable	À gauche, dans le vestibule d'entrée	50 rue Sainte-Catherine Ouest	Montréal	Quebec	H2X 3V4
Électrobac-Pavillon Roger-Gaudry; Université de Montréal	Entrée U-1 du pavillon Roger-Gaudry	2900 boul. Édouard-Montpetit	Montréal	Quebec	H3T 1J4
Électrobac-Pavillon Marie-Victorin; Université de Montréal	Entrée principale du pavillon Marie-Victorin, à droite de la photocopieuse	90 av. Vincent-d'Indy	Montréal	Quebec	H2V 2J7
Garage municipal Lavaltrie		275 rue Notre-Dame	Lavaltrie	Quebec	J5T 1N8
Vert Vert PC		153 rue 7ème	Rouyn-Noranda	Quebec	J9X 1Z8
Écocentre MRC Pierre-De Saurel		3145 rue Joseph-Simard	Sorel-Tracy	Quebec	J3R 0E3
Garage municipal de Sainte-Florence		6 rue des Loisirs	Sainte-Florence	Quebec	G2J 2M0
Portage-du-Fort; Salle municipale		24 rue Church	Portage-du-Fort	Quebec	J0X 2T0
Renaissance; Fripe-Prix Saint-Martin		965 boul. Curé-Labelle	Laval	Quebec	H7V 2V7
Bo Mont Expert	Lundi au vendredi 8h à 17h	482 boul. Taché Est	Montmagny	Quebec	G5V 1E2
Dépanne-TOUT		903 boul. du Curé-Boivin	Boisbriand	Quebec	J7G 2S8
Garage Martin St-Onge		2745 rte 235	Saint-Pie	Quebec	J0H 1W0
Renaissance; Librairie Saint-Luc		240 boul. Saint-Luc local 1A	Saint-Jean-sur-Richelieu	Quebec	J2W 1C2
Renaissance; Librairie Faubourg des Prairies		12451 boul. Rodolphe-Forget local B	Montréal	Quebec	H1E 0A2
Tardif Électronique inc.		214 rue du Manoir	Cap-Saint-Ignace	Quebec	G0R 1H0
Garage municipal de Saint-Apollinaire		85 rue des Vignes	Saint-Apollinaire	Quebec	G0S 2E0
Garage municipal Saint-Marcel		35 rue des Loisirs	Saint-Marcel	Quebec	G0R 3R0
Ancienne école Saint-Damase-de-L'Islet		167 rte 204	Saint-Damase-de-L'Islet	Quebec	G0R 2X0
Électrobac-Place Rosemère; Morguard	Au kiosque d'information	401 boul. Labelle	Rosemère	Quebec	J7A 3T2
Électrobac-Les Jardins Dorval; Strathallen	À l'entrée sur Avenue Carson, en face de la SAQ	352 av. Dorval bureau 208	Dorval	Quebec	H9S 3H8
Électrobac-Metro Wilderton (Alimantation Normand Hudon)	Dans le vestibule d'entrée	2875 av. Van Horne	Montréal	Quebec	H3S 1P6
Électrobac-Metro Marcanio	Dans le hall d'entrée	1550 rue Bélanger	Montréal	Quebec	H2G 1A9
Électrobac-Metro Plus Marché J.C. Messier Auteuil; Metro Groupe Messier	Après les caisses, tout juste avant la sortie	5000 boul. des Laurentides	Laval	Quebec	H7K 2J5
Électrobac-Metro Plus Dépatie	À côté de la porte de sortie	1100 boul. de l'Avenir	Laval	Quebec	H7N 6L2
Électrobac-Université de Sherbrooke; Campus Longueuil	Au 2e étage devant le poste de sécurité	150 place Charles-LeMoyne	Longueuil	Quebec	J4K 0A8
Électrobac-IGA Extra Alimentation C.C. Sévigny	À côté de la porte de sortie	5805 boul. Robert-Bourassa	Laval	Quebec	H7E 0A4
Électrobac-Metro Plus Drouin Longueuil	Dans le corridor de sortie vers le stationnement arrière	395 rue Saint-Charles Ouest	Longueuil	Quebec	J4H 1G1
Électrobac-IGA Marchés Louise Ménard; Saint-Lambert	À l'entrée principale de l'épicerie, à côté du guichet automatique	299 boul. Sir-Wilfrid-Laurier	Longueuil	Quebec	J4R 2L1
Électrobac-IGA Marchés Louise Ménard; île des Soeurs	Dans le hall d'entrée	30 place du Commerce	Montréal	Quebec	H3E 1V7
Électrobac-Metro Plus Marché Central C.J.C.; Metro Groupe Messier	Après les caisses vers la sortie	2642 ch. de Chambly	Longueuil	Quebec	J4L 1M5
Électrobac-Mail Champlain 2- Cominar	Dans le corridor de sortie # 2, en face du H&amp;M	2151 boul. Lapinière	Brossard	Quebec	J4W 2T5
Électrobac-Mail Champlain; Cominar	Au kiosque d'information	2151 boul. Lapinière	Brossard	Quebec	J4W 2T5
Électrobac-Metro Plus de la Montagne oeAlimentation Sylvain Bolduc	À la sortie de l'épicerie, dans le hall, en face des escaliers	1230 rue Notre-Dame Ouest	Montréal	Quebec	H3C 1K6
Électrobac-Domtar inc.	Au comptoir postal	395 boul. de Maisonneuve Ouest	Montréal	Quebec	H3A 1L6
Électrobac-Students' Society of McGill University (SSMU)	Dans le hall d'entrée de l'Édifice SSMU-McGill, à gauche des escaliers	3600 rue McTavish	Montréal	Quebec	H3A 0E7
Électrobac-Campus de Laval; Université de Montréal	À côté des ascenseurs, contre la cage d'escalier	1700 rue Jacques-Tétreault	Laval	Quebec	H7N 0B6
Électrobac-Campus avenue du Parc; Université de Montréal	À l'entrée du Campus du Parc	7077 av. du Parc	Montréal	Quebec	H3N 1X7
Électrobac-École de Technologie Supérieure (ÉTS); Pavillon A	À droite, dans le hall d'entrée du Pavillon principal A	1100 rue Notre-Dame Ouest	Montréal	Quebec	H3C 1K3
Électrobac-École de Technologie Supérieure (ÉTS); Pavillon B	Dans le hall d'entrée du Pavillon B, à gauche du Tim Hortons	1111 rue Notre-Dame Ouest	Montréal	Quebec	H3C 1K3
Électrobac-Cégep André Laurendeau	Dans le pavillon principal, à côté du guichet automatique	1111 rue Lapierre	Montréal	Quebec	H8N 2J4
Électrobac-Metro Plus André-Grasset; Metro Groupe Messier	Avant la sortie, face aux caisses	8935 av. André-Grasset	Montréal	Quebec	H2M 2E9
Électrobac-Complexe Desjardins	Dans le corridor menant au métro Place D'Armes	150 rue Sainte-Catherine Ouest	Montréal	Quebec	H2X 3Y2
Électrobac-Complexe Desjardins 2	Corridor Métro Place des Arts, à côté du magasin Lilliane	150 rue Sainte-Catherine Ouest	Montréal	Quebec	H2X 3Y2
Électrobac-Collège de Maisonneuve	À côté de la COOP	3800 rue Sherbrooke Est	Montréal	Quebec	H1X 2A2
Électrobac-Palais des Congrès de Montréal	Dans le passage St-François-Xavier	159 rue Saint-Antoine Ouest	Montréal	Quebec	H2Z 1H2
Électrobac-Polytechnique Ancien Pavillon	6e étage du pavillon Lassonde, sous l'escalier en face des laboratoires informatiques	2700 ch. de la Tour	Montréal	Quebec	H3T 1J4
Électrobac-Pavillon Henry F. Hall; Concordia	H immeuble, Pavillon rue Maisonneuve, au deuxième étage	1455 boul. de Maisonneuve	Montréal	Quebec	H3G 1M8
Électrobac-IGA Marchés Louise Ménard; Complexe Desjardins	Face aux caisses, à l'entrée oesortie de l'épicerie, via le Complexe Desjardins	150 rue Sainte-Catherine Ouest	Montréal	Quebec	H2X 3Y2
Électrobac-Pavillon JMSB; Concordia	Dans le hall d'entrée de John Molson School of Business	1450 rue Guy	Montréal	Quebec	H3H 1J5
Électrobac-Tour Jean-Talon; Bell Canada	À droite de la boutique Bell	600 rue Jean-Talon Est	Montréal	Quebec	H2R 3A8
Électrobac-700 de la Gauchetière (Tour Aon); Bell Canada	Dans l'accueil; près des ascenseurs	700 rue de la Gauchetière Ouest	Montréal	Quebec	H3B 5M2
Électrobac-1000 de la Gauchetière; Ivanhoé Cambridge	À la sortie du Metro Bonaventure, sortie rue de la Gauchetière	1000 rue de la Gauchetière Ouest	Montréal	Quebec	H3B 4W5
Électrobac-1000 de la Gauchetière 2- Ivanhoé Cambridge	À la sortie du Metro Bonaventure, dans l'aréna, sur le bord de la patinoire	1000 rue de la Gauchetière Ouest	Montréal	Quebec	H3B 2B6
Électrobac-5 place Ville-Marie ; Ivanhoé Cambridge	Sortie rue McGill College	5 place Ville-Marie	Montréal	Quebec	H3B 5M1
Électrobac-Galeries Terrebonne; Westcliff	Situé à la porte 2 devant le bureau d?administration	1185 boul. Moody	Terrebonne	Quebec	J6W 3Z5
Électrobac-Place des arts	Dans le corridor vers le Métro	260 boul. de Maisonneuve Ouest	Montréal	Quebec	H2X 1Y9
Électrobac-Metro Plus Domaine	À gauche de la porte de sortie	6550 rue Sherbrooke Est	Montréal	Quebec	H1N 1C6
Électrobac-IGA Marché du Faubourg; Greenfield Park	À droite de la porte de sortie	300 rue Auguste	Longueuil	Quebec	J4V 3R4
Électrobac-IGA Extra Supermarché Gilles Bariteau inc.	À droite de la porte de sortie, à côté de la machine à cannettes	6250 boul. Cousineau	Longueuil	Quebec	J3Y 8X9
Électrobac-IGA Extra Marché d'alimentation Martin Lamarre	Après les caisses, à côté de la machine Redbox	3260 boul. Lapinière	Brossard	Quebec	J4Z 3L8
Électrobac-IGA Extra Supermarché Picard inc.	À droite de la porte de sortie	9105 boul. Taschereau	Brossard	Quebec	J4Y 3B8
Électrobac-Metro Plus Cardinal Ste-Catherine	À droite de la porte de sortie	5480 boul. Saint-Laurent	Sainte-Catherine	Quebec	J5C 1A9
Électrobac-Hôpital Pierre Boucher	À l'entrée principale, près de la borne de stationnement	1333 boul. Jacques-Cartier Est	Longueuil	Quebec	J4M 2A5
Électrobac-IGA Marché Montée Gagnon inc.	Dans le vestibule de sortie, à côté du téléphone Bell	50 montée Gagnon	Bois-des-Filion	Quebec	J6Z 2L1
Électrobac-IGA Quintal Marché des Oiseaux	Après les caisses, devant les portes de sortie	380 boul. Curé-Labelle	Laval	Quebec	H7L 4T7
Électrobac-Provigo Cavendish	Contre le mur, après les caisses	6485 rue Sherbrooke Ouest	Montréal	Quebec	H4B 1N3
Électrobac-IGA Extra Alimentation E.F.Y. Caron inc.	À la sortie, après les caisses	3701 boul. Saint-Charles	Kirkland	Quebec	H9H 4M2
Électrobac-Metro Plus Kirkland	Dans le vestibule de sortie, à côté de la fontaine à eau	3801 boul. Saint-Charles	Kirkland	Quebec	H9H 4M4
Électrobac-Provigo Alimentation Francis Deroo	À la droite de la porte de sortie	90 rue Morgan	Baie-D'Urfé	Quebec	H9X 3A8
Électrobac-Tour Transat; Redbourne	Au rez-de-chaussée, sur la colonne en haut des escaliers mécaniques	300 rue Léo-Pariseau	Montréal	Quebec	H2X 4C2
Électrobac-IGA Supermarché DJS Cousineau Inc.	Dans l'antichambre, devant la porte de sortie	455 boul. Jean-Paul-Vincent	Longueuil	Quebec	J4G 1R3
Électrobac-IGA Supermarché du Carrefour inc.	Après les caisses, tout juste avant la sortie	1777 route 132	Varennes	Quebec	J3X 1T6
Électrobac-Carrefour Angrignon; Wescliff	Dans la cour principale, à côté du GAB	7077 boul. Newman	Montréal	Quebec	H8N 1X1
Électrobac-IGA Marché Drolet et Paquette	À la sortie du magasin	12 place de la Triade	Montréal	Quebec	H9R 0A2
Électrobac-IGA Supermarché Don Quichotte	Dans l'antichambre, tout juste avant la sortie	110 boul. Don Quichotte	L'île-Perrot	Quebec	J7V 6L7
Électrobac-Tour Telus; Redbourne Properties	Au niveau de la promenade, à côté des escaliers mécaniques	630 boul. René-Lévesque Ouest	Montréal	Quebec	H3B 3C1
Électrobac-Marché Plus St-Joseph; Metro Groupe Messier	Après les caisses, tout juste avant la sortie	3600 boul. Saint-Joseph Est	Montréal	Quebec	H1X 1W6
Électrobac-Marché Sabrevois Boucherville; Metro Groupe Messier	Tout juste après les caisses, dans le corridor menant à la sortie	535 rue Samuel-de-Champlain	Boucherville	Quebec	J4B 6B6
Électrobac-Metro Beaulieu Laurier	Tout juste après les caisses, avant la sortie	1293 rue Laurier Est	Montréal	Quebec	H2J 1H2
Électrobac-Westmount Square; Cogir	À la sortie du Métro Atwater	1 Westmount Square	Westmount	Quebec	H3Z 2P9
Électrobac-Metro Groupe Messier; J.C. Messier Boucherville	Dans le vestibule d'entrée	650 boul. du Fort-Saint-Louis	Boucherville	Quebec	J4B 1S9
Électrobac-Pavillon EV; Concordia	Dans le passage, vers le Métro	1515 rue Sainte-Catherine Ouest	Montréal	Quebec	H3G 2W1
Électrobac-IGA Extra Bourgault &amp; Sanzone inc	Après les caisses, tout juste avant la sortie	12285 boul. Rodolphe-Forget	Montréal	Quebec	H1E 6M3
Électrobac-Hôpital général de Montréal	À l'entrée sur Avenue Cedar, à côté du kiosque de sécurité	1650 av. Cedar	Montréal	Quebec	H3G 1A4
Électrobac-Complexe récréatif Gadbois; Arrondissement Sud-Ouest	À l'entrée de l'aréna	5485 ch. de la Côte-Saint-Paul	Montréal	Quebec	H4C 1X3
Électrobac-Metro Plus Fogarty Charlemagne	Après les caisses, tout juste avant la sortie	40 rue Émile-Despins	Charlemagne	Quebec	J5Z 3L6
Électrobac-Metro Plus Leblanc Terrebonne	Après les caisses, tout juste avant la sortie	1375 rue Grande-Allée	Terrebonne	Quebec	J6W 5M9
Électrobac-Metro Plus de la Concorde; Metro Groupe Messier	Dans le hall d'entrée, entre les portes d'entrée et de sortie	155 boul. de la Concorde Est	Laval	Quebec	H7G 2C6
Électrobac-Galeries Rive-Nord; Cominar	Au kiosque d'information	100 boul. Brien	Repentigny	Quebec	J6A 5N4
Électrobac-Les Galeries Chagnon; Westcliff	Au niveau 1, près de la Caisse Desjardins	1200 boul. Alphonse-Desjardins	Lévis	Quebec	G6V 6Y8
Électrobac-Université Laval; PEPS	Au sous-sol, près de l'entrée à la salle d'entrainement	2300 rue de la Terrasse	Québec	Quebec	G1V 0A6
Électrobac-Université Laval; Pavillon Alphonse-Desjardins	Au rez-de-chaussée, en face de la COOP	2325 rue de l'Université	Québec	Quebec	G1V 0A6
Électrobac-IGA Extra des Sources Galeries Charlesbourg	Après les caisses, sur la colonne près du guichet automatique	4250 1re Avenue	Québec	Quebec	G1H 2S5
Électrobac-IGA des Sources; Cap Rouge	À gauche de la porte d'entrée	3373 rue de l'Hûtrière	Québec	Quebec	G3A 0M2
Électrobac-Édifice Marie-Guyart; SQI	Au rez-de-chaussée, en face du poste de sécurité	1037 rue de La Chevrotière	Québec	Quebec	G1R 5E9
Électrobac-Place Montréal Trust; Ivanhoé Cambridge	À côté des escaliers mécaniques, près du magasin Zara	1500 av. Mcgill College	Montréal	Quebec	H3A 3J5
Électrobac-IGA Brouillette et Fils	Après les caisses, à gauche de la porte de sortie	4411 boul. de la Concorde Est	Laval	Quebec	H7C 1M4
Électrobac-Supermarché Metro Plus Collin; Brossard	Dans le vestibule d'entrée et de sortie	2004 boul. Rome	Brossard	Quebec	J4W 3M7
Électrobac-Place de la cité; Cominar	Appuyé sur une colonne, près de la fontaine dans l'aire de restauration	2600 boul. Laurier	Québec	Quebec	G1V 4T3
Électrobac-Campus Ste-Hyacinthe 2; Université de Montréal	Près de l'entrée principale	1500 av. des Vétérinaires	Saint-Hyacinthe	Quebec	J2S 6N9
Électrobac-Complexe Alexis Nihon; Cominar	Niveau métro, en face du Tim Horton's	1500 av. Atwater	Montréal	Quebec	H3Z 1X5
Électrobac-2001 McGill College; Cominar	Dans le hall d'entrée de la tour à bureaux, en face du comptoir d'accueil	2001 av. McGill College	Montréal	Quebec	H3A 1G1
Électrobac-Centre Rockland; Cominar	À droite de l'escalier mécanique menant à la foire alimentaire	2305 rue Rockland	Montréal	Quebec	H3P 3E9
Électrobac-Pavillon J; Université du Québec à Montréal (UQAM)	Pavillon J: La Grande Place (niveau métro) dans l'alcôve adjacente à l'entrée du local J-M320	1400 rue Berri	Montréal	Quebec	H2L 2C4
Électrobac-Pavillon PK; Université du Québec à Montréal (UQAM)	Pavillon PK: Dans l'alcôve du corridor PK-600, contre le mur de la salle de cours PK-R605	201 av. Président-Kennedy	Montréal	Quebec	H2X 3Y7
Électrobac-Pavillon R; Université du Québec à Montréal (UQAM)	Pavillon R: Niveau métro, dans le corridor R-M000, contre le mur nord, adjacent à la colonne avant l'accès vers le monte-charge	315 rue Sainte-Catherine Est	Montréal	Quebec	H2X 1L7
Électrobac-Centre Laval; Cominar	Près du Greiche &amp; Scaff à côté du GAB	1600 boul. Le Corbusier	Laval	Quebec	H7S 1Z2
Électrobac-IGA Extra Saint-Janvier	Dans le vestibule de sortie	13380 boul. Curé-Labelle	Mirabel	Quebec	J7J 1G9
Électrobac-IGA Extra Famille Viau	Dans le hall de sortie	249 boul. Harwood	Vaudreuil-Dorion	Quebec	J7V 1Y3
Électrobac-1600 René Lévesque; Bentall Kennedy	À l'entrée des employés, à côté du dépanneur et du poste de sécurité	1600 boul. René-Lévesque	Montréal	Quebec	H3H 1P9
Électrobac-Supermarché Metro Plus Collin; Chambly	À droite, dans le vestibule de sortie	1233 boul. de Périgny	Chambly	Quebec	J3L 1W7
Électrobac-Metro Plus Riendeau Beloeil	Dans le hall de sortie	1030 rue Saint-Jean-Baptiste	Beloeil	Quebec	J3G 0J1
Électrobac-Palais de justice de Montréal; SQI	À proximité de Café Vienne	1 rue Notre-Dame Est	Montréal	Quebec	H2Y 1B6
Électrobac-Planétarium Rio Tinto Alcan	Niveau 100, juste à droite de l'ascenseur	4801 Avenue Pierre-De Coubertin	Montréal	Quebec	H1V 3N4
Électrobac-IGA Alimentation Hochelaga G.S. inc.	Après les caisses, tout juste avant la sortie	7975 rue Hochelaga	Montréal	Quebec	H1L 2K9
Électrobac-Terminus Longueuil; Agence Métropolitaine de Transport (AMT)	Dans l'Aile A, près de l'accès au Métro	100 place Charles-LeMoyne	Longueuil	Quebec	J4K 2T4
Électrobac-Tour Bell Média; Redbourne	Dans le lobby, devant la colonne centrale	1800 av. McGill College	Montréal	Quebec	H3A 3J6
Électrobac-IGA Extra Marché d'alimentation Crevier inc.	À droite de la porte de sortie	550 aut. Chomedey	Laval	Quebec	H7X 3S9
Électrobac-IGA Extra Épicerie Quintal et frères	À droite de la porte de sortie	4805 boul. Arthur-Sauvé	Laval	Quebec	H7R 3X2
Électrobac-Hôpital Cité de la Santé Laval	À l'entrée des employés	1755 boul. René-Laennec	Laval	Quebec	H7M 3L9
Électrobac-IGA extra Alimentation Auteuil	À gauche de la porte de sortie	5680 boul. des Laurentides	Laval	Quebec	H7K 2K2
Électrobac-Tour KPMG; Oxford	Au rez-de-chaussée, près de l'accès au Metro	600 boul. de Maisonneuve Ouest	Montréal	Quebec	H3A 0A3
Électrobac-Pavillon LB; Concordia	Dans le LB de l'immeuble, juste devant le magasin des étudiants	1400 boul. de Maisonneuve Ouest	Montréal	Quebec	H3G 1M8
Électrobac-Place Dupuis; Busac	À côté du magasin IGA	800 boul. de Maisonneuve Est	Montréal	Quebec	H2L 4L8
Électrobac-Metro Lebel Mont-Royal	Juste à côté de la porte de sortie	2275 av. Mont-Royal Est	Montréal	Quebec	H2H 1K6
Électrobac-Centre Le Boulevard; Crofton Moore	À côté de la banque RBC et de l'épicerie Metro, entrée Est	4270 rue Jean-Talon Est	Montréal	Quebec	H1S 1J7
Électrobac-Carrefour Saint-Georges; Cominar	À la station de recyclage multimatières, près du Dollorama et du comptoir de service à la clientèle	8585 boul. Lacroix	Saint-Georges	Quebec	G5Y 5L6
Électrobac-Metro Plus Fordham	Dans le vestibule d'entrée	350 rue Principale	Saint-Zotique	Quebec	J0P 1Z0
Électrobac-IGA Extra; Marche Saint-Canut inc.	À gauche, après les caisses	9600 rue Henri-Piché	Mirabel	Quebec	J7N 0T4
Électrobac-IGA extra Marché Paquette	Dans le vestibule d'entrée de l'épicerie	3925 boul. des Forges	Trois-Rivières	Quebec	G8Y 1V9
Électrobac-Pavillon Ferdinand-Vandry; Université Laval	Près de la cafétéria	1050 av. de la Médecine	Québec	Quebec	G1V 0A6
Électrobac-IGA Supermarché Jean XXIII	Dans le vestibule d'entréeoeortie, à côté de la sortie.	6060 boul. Jean XXIII	Trois-Rivières	Quebec	G8Z 4B5
Électrobac-Technoparc St-Laurent; Morguard	Contre le mur en face de la cafétéria	7140 rue Albert Einstein	Montréal	Quebec	H4S 2A9
Électrobac-Métro Plus Dorion Ste-Catherine	À côté des distributrices à bonbons dans l'entrée	1955 rue Sainte-Catherine Est	Montréal	Quebec	H2K 2H6
Électrobac-Pavillon Alexandre-Vachon; Université Laval	Entre les deux escaliers devant l?entrée de la bibliothèque	1045 av. de la Médecine	Québec	Quebec	G1V 0A6
Électrobac-Pavillon Charles De Koninck; Université Laval	À côté des escaliers, près de la cafétéria	1030 av. des Sciences-Humaines	Québec	Quebec	G1V 0A6
Électrobac-Complexe Jules Dallaire; Cominar	Près des ascenseurs de la tour T1, au 2e étage	2820 boul. Laurier	Québec	Quebec	G1V 0C1
Électrobac-IGA Extra Gladu	Dans le vestibule de sortie	400 boul. du Séminaire Nord	Saint-Jean-sur-Richelieu	Quebec	J3B 5L2
Électrobac-Les Rivières; Cominar	Dans le corridor de l'entrée principale, à gauche du Toys &laquo; R &raquo; Us	4225 boul. des Forges	Trois-Rivières	Quebec	G8Y 1W2
Électrobac-Université du Québec à Trois-Rivières (UQTR)	Dans le Pavillon Albert Tessier, près de l'entrée de la bibliothèque	3351 boul. des Forges	Trois-Rivières	Quebec	G9A 5H7
Électrobac-Centre Hospitalier Universitaire de Québec (CHUQ)	Au poste de sécurité au premier étage	2705 boul. Laurier	Québec	Quebec	G1V 4G2
Électrobac-Les Promenades Beauport; Cominar	Dans l'aire de restauration	3333 rue du Carrefour	Québec	Quebec	G1C 5R9
Électrobac-Centre Claude Robillard; Ville de Montréal	À côté du comptoir central au rez-de-chaussée	1000 av. Émile Journault	Montréal	Quebec	H2M 2E7
Électrobac-IGA Marché Dama inc.	Après les caisses, à gauche de la porte de sortie	10760 av. Millen	Montréal	Quebec	H2C 0A5
Électrobac-Metro Plus Ferland Du Marais	Dans le portique, à gauche de la porte de sortie	1625 rue du Marais	Québec	Quebec	G1M 0A2
Électrobac-Metro Plus Neufchâtel	Dans le portique d'entrée, à côté de la machine de friandises	2425 boul. Bastien	Québec	Quebec	G2B 1B3
Électrobac-Metro Plus Charlesbourg	Après les caisses, à gauche de la porte de sortie	8500 boul. Henri-Bourassa	Québec	Quebec	G1G 5X1
Électrobac-Fleur de Lys Centre Commercial; 20 Vic	Près de l'entrée #3	552 boul. Wilfrid-Hamel	Québec	Quebec	G1M 3E5
Électrobac-Fleur de Lys Centre Commercial 2; 20 Vic	Près de l'entrée #9, dans la foire alimentaire	552 boul. Wilfrid-Hamel	Québec	Quebec	G1M 3E5
Électrobac-Centre hospitalier universitaire de Sherbrooke	Au sous-sol proche de l'entrée à côté de la cafeteria	3001 12e Avenue Nord	Sherbrooke	Quebec	J1H 5N4
Électrobac-IGA Extra Couture	Dans le vestibule d'entréeoeortie	2240 rue King Est	Sherbrooke	Quebec	J1G 5G8
Électrobac-IGA Extra; Marché Gazaille	Dans le vestibule, juste avant la sortie	301 rue Denison Est	Granby	Quebec	J2H 2R6
Électrobac-Metro Sagamie Jonquière	Dans le vestibule d'entrée et de sortie	2655 boul. Du Royaume	Saguenay	Quebec	G7S 4S9
Électrobac-Air Canada	À l'entrée principale des employés du bâtiment numéro 2	7373 boul. de la Côte-Vertu Ouest	Dorval	Quebec	H4S 1Z3
Électrobac-IGA Extra; Alimentation Yvon Haché		1324 boul. Talbot	Saguenay	Quebec	G7H 4B8
Électrobac-Metro Plus; Alimentation Lebel inc.	Tout juste après les caisses	615 1re rue Poiré	La Pocatière	Quebec	G0R 1Z0
Électrobac-Provigo Alimentation Plamondon inc.	Tout juste après les caisses	260 rue Saint-Cyrille	Saint-Raymond	Quebec	G3L 5B6
Électrobac-IGA Extra St-Georges de Beauce	Dans le hall d'entrée et de sortie	8980 boul. Lacroix	Saint-Georges	Quebec	G5Y 5E2
Électrobac-IGA Extra King Ouest	Sur la colonne, à droite de la porte de sortie	3950 rue King Ouest	Sherbrooke	Quebec	J1L 1P6
Électrobac-IGA Extra Chouinard et fils inc	Dans le vestibule d'entrée	10505 boul. Sainte-Anne	Sainte-Anne-de-Beaupré	Quebec	G0A 3C0
Électrobac-IGA Supermarché Pépin		1015 rue des Lilas	Saint-Chrysostome	Quebec	G6Z 3K4
Électrobac-Metro Plus Marquis L'Assomption	Dans le vestibule d'entréeoeortie	790 montée de Saint-Sulpice	Saint-Sulpice	Quebec	G5W 0M6
Électrobac-IGA Extra Chaumont et Bilodeau	Dans le vestibule d'entrée	1005 boul. du Grand Héron	Saint-Jérôme	Quebec	J7Y 3P2
Électrobac-IGA Extra Marché Bélanger	Dans le vestibule de sortie	680 av. Chaussé	Rouyn-Noranda	Quebec	J9X 4B9
Électrobac-Site Glen; Centre universitaire de santé McGill (CUSM)	À l'entrée Hôpital Royal Victoria du Site Glen, à gauche de la station de recyclage pour papier et plastiques	1001 boul. Décarie	Montréal	Quebec	H4A 3J1
Électrobac-Metro Plus Coop D'Asbestos	À l'entrée de l'épicerie donnant accès au centre d'achat, près de la boîte aux lettres	511 1re Avenue	Asbestos	Quebec	J1T 3P6
Électrobac-Place Youville; Société de transport de Montréal (STM)	Dans la section des locaux situés au coin St-Laurent et Crémazie, au rez-de-chaussé	8845 boul. Saint-Laurent	Montréal	Quebec	H2N 1M3
Électrobac-Les Promenades Drummondville; Westcliff	À l'entrée #2, à côté de la machine à photos	755 boul. René-Lévesque	Drummondville	Quebec	J2C 6Y7
Électrobac-Galeries Lac St-Jean; Immostar	Dans l'aire commune, près du Dollorama	1055 av. du Pont Sud	Alma	Quebec	G8B 6V6
Électrobac-Promenades du St-Laurent; Immostar	À l'entrée Ouest, contre le mur du Maxi	597 av. du Phare Est	Matane	Quebec	G4W 4L6
Électrobac-Carrefour Rimouski; Cominar	À l'entrée #3, contre le mur du Canadian Tire	419 boul. Jessop	Rimouski	Quebec	G5L 7Y5
Électrobac-Mail Montenach; Cominar	À côté du kiosque d'information et du magasin La vie en Rose	600 boul. Sir-Wilfrid-Laurier	Beloeil	Quebec	J3G 4J2
Électrobac-Les Galeries de Hull; Cominar	À l'entrée se situant à côté du comptoir de service à la clientèle	320 boul. Saint-Joseph	Gatineau	Quebec	J8Y 3Y8
Électrobac-Place Vertu 1; 20 Vic	À l'entrée de l'immeuble à bureaux, sur le mur à droite du boyau d'incendie	3131 boul. de la Côte-Vertu	Montréal	Quebec	H4R 1Y8
Électrobac-Place Vertu 2; 20 Vic	À l'entrée #2, au dos du présentoir d'information	3131 boul. de la Côte-Vertu	Montréal	Quebec	H4R 1Y8
Électrobac-Carrefour Richelieu; Westcliff	À l'entrée #4, à côté du photomaton	600 rue Pierre-Caisse	Saint-Jean-sur-Richelieu	Quebec	J3A 1M1
Électrobac-Carrefour du Nord-Ouest	Contre le mur, à l'entrée du couloir menant aux toilettes, à côté du Sports Experts	1801 3e Avenue	Val-d'Or	Quebec	J9P 5K1
Électrobac-Metro Plus Ste-Agathe	Tout juste après les caisses	1050 rue Principale Est	Sainte-Agathe-des-Monts	Quebec	J8C 1L6
Électrobac-Université de Sherbrooke; Campus Sherbrooke	Au Pavillon multifonctionnel (B5), face à l?ascenseur du niveau 0 (étage des tunnels) et près du Centre de gestion des déplacements	2500 boul. de l'Université	Sherbrooke	Quebec	J1K 2R1
Électrobac-Centre commercial Rivière-du-Loup; Cominar	Contre le mur du Dollorama, tout près du Super C	298 boul. Armand-Thériault	Rivière-du-Loup	Quebec	G5R 4C2
Électrobac-IGA Extra Rivière-du-Loup	Tout juste après les caisses	254 rue Hôtel-De-Ville	Rivière-du-Loup	Quebec	G5R 1M4
Électrobac-IGA Marché Marc Desbiens	Dans le vestibule d'entréeoeortie	1199 boul. Saint-Félicien	Saint-Félicien	Quebec	G8K 3J1
Électrobac-Supermarché PA	Dans le vestibule d'entrée et de sortie	5029 av. du Parc	Montréal	Quebec	H2V 4E9
Électrobac-Metro Plus; Alimentation Claude Bisson	À gauche des chaises devant le bureau du gérant de service	2070 boul. Lemire	Drummondville	Quebec	J2B 6X5
Électrobac-IGA Extra; Marché Gaouette inc.	Près des paniers, à côté des distributeurs de boissons gazeuses	40 rue Évangéline	Granby	Quebec	J2G 8K1
Électrobac-IGA Extra Famille Charles;  IGA Famille Charles	Dans le vestibule en sortant	455 boul. Gréber	Gatineau	Quebec	J8T 5T7
Électrobac-IGA extra Alimentation Christian et Ginette St-Jacques	Dans le vestibule d'entrée et de sortie	720 montée Paiement	Gatineau	Quebec	J8R 2S8
Électrobac-Place du Centre; Westcliff	À côté du kiosque d'information et du Dollard ou Deux	200 promenade du Portage	Gatineau	Quebec	J8X 4B7
Électrobac-IGA extra Famille Plante	Après les caisses, juste avant la sortie	1130 boul. St-Joseph	Gatineau	Quebec	J8Z 1T3
Électrobac-IGA Extra des Grives	Dans le vestibule d'entrée	203 boul. des Grives	Gatineau	Quebec	J9A 0C7
Électrobac-IGA Famille Charles; IGA Famille Charles	Après les caisses, à côté du distributeur à eau	1716 route 105	Chelsea	Quebec	J9B 1P4
Électrobac-Centre hospitalier régional De Lanaudière	Dans le couloir menant à la cafétéria	1000 boul. Sainte-Anne	Saint-Charles-Borromée	Quebec	J6E 6J2
Électrobac-IGA Extra Chapdelaine	Tout juste après les caisses, avant la sortie	775 rue Galt Ouest	Sherbrooke	Quebec	J1H 1Z1
Écocentre de Boischatel		345 rue des Saphirs	Boischatel	Quebec	G0H 1H0
Recyclo-Centre		165 av. de l'Hôtel-Dieu	Sorel-Tracy	Quebec	J3P 7L4
Électrobac-Bureau de la Mairie; Rosemont-La Petite-Patrie	Près de la réception et du poste de recyclage	5650 rue Iberville	Montréal	Quebec	H2G 2B3
Électrobac-SSQ; Longueuil	Dans le hall d'entrée	1225 rue Saint-Charles Ouest	Longueuil	Quebec	J4K 1A7
Électrobac-425 boul. Maisonneuve ouest	À l'entrée, près du poste de sécurité.	425 boul. Maisonneuve ouest	Montréal	Quebec	H3A 3G5
Électrobac-IGA Alimentation Pointe-aux-Trembles G.S. inc	À gauche de la porte de sortie du IGA	13155 rue Sherbrooke Est	Montréal	Quebec	H1A 1B9
Électrobac-2525 boul. Laurier; SSQ Groupe Financier	En face de l'accueil de l'édifice du MSP et de SSQ.	2525 boul. Laurier	Québec	Quebec	G1V 2L2
Électrobac-Marché de l'ouest	À l'entrée 3.	11600 boul. de Salaberry	Dollard-Des Ormeaux	Quebec	H9B 2R8
Électrobac-CHUSJ	Près de la boîte de distribution du Devoir, à côté du couloir vers la cafétéria.	3175 ch. De la Côte-Sainte-Catherine	Montréal	Quebec	H3T 1C5
Électrobac-Gare du Palais	Au premier étage de la tour sud, près du poste de sécurité.	450 rue de la Gare du Palais	Québec	Quebec	G1K 3X2
Électrobac-Centre Aquatique Pointe-Claire	À l'entrée principale du centre aquatique	60 av. Maywood	Montréal	Quebec	H9R 0A7
Électrobac-Centre des loisirs; Arrondissement St-Laurent	Situé dans le hall principal. à côté de l'entrée principale, près du comptoir de gardien de sécurité.	1375 rue Grenet	Montréal	Quebec	H4L 5K3
Électrobac-Collège Maisonneuve 2	Proche du comptoir du magasin TGÉ (P315)	6220 rue Sherbrooke Est	Montréal	Quebec	H1N 1C1
Électrobac-Metro Victoriaville	À la sortie des caisses près de l'armoir à glace.	435 boul. Jutras Est	Victoriaville	Quebec	G6P 7H4
Électrobac-Centre Sportif Terrebonne	Situé aux portes 11-12, donnant accès à la Cité du Sport et Centre Aquatiue de la ville de Terrebonne	2485 boul. des Entreprises	Terrebonne	Quebec	J6X 4J9
Électrobac-Place du portage 2	Portage II près de la passerelle en face des escaliers roulants	50 rue Victoria	Gatineau	Quebec	J8X 3X1
Électrobac-1100 René-Lévesque; Oxford Properties	Situé au rez-de-chaussée de l?immeuble.	1100 boul. René-Lévesque O	Montréal	Quebec	H3C 5H5
Électrobac-1250 René-Lévesque; Oxford Properties	Au niveau Mezzanine près de la foire alimentaire.	1250 boul. René-Lévesque O	Montréal	Quebec	H3B 4W8
Électrobac-Place du portage 4	Niveau 1 près du bureau de la sécurité	9 rue Laurier	Gatineau	Quebec	J8X 3X5
Électrobac-Carrefour du Nord; Westcliff	Entre le kiosque de Virgin mobile et Koodo	900 boul. Grignon	Saint-Jérôme	Quebec	J7Y 3S7
Électrobac-Place Longueuil; Cominar	Près du kisoque d'information.	825 rue Saint-Laurent Ouest	Longueuil	Quebec	J4K 2V1
Électrobac-Alcoa Deschambeault	À l'entrée principale	1 boul. des Sources	Deschambault-Grondines	Quebec	G0A 1S0
Électrobac-IGA Extra Famille Jean Martin	À gauche de la valideuse de loterie, face à la courtoisie.	1430 boul. Saint-Antoine	Saint-Jérôme	Quebec	J7Z 7M2
Électrobac-Ministère de l'Emploi et de la Solidarité Sociale (MESS)	Près de l'entrée principale, à droite de la poubelle située en face du dépanneur de l'immeuble	425 rue Saint-Amable	Québec	Quebec	G1R 4Z1
Électrobac-École de Technologie Supérieure (ÉTS); Pavillon Maison des étudiants	Dans le hall d'entrée, au rez-de-chaussée, près des escaliers mobiles	1220 rue Notre-Dame Ouest	Montréal	Quebec	H3C 1K5
Électrobac-Centre communautaire de l'Épiphanie	À l'entrée du centre communautaire, près du comptoir d'accueil	68 rue Amireault	L'Épiphanie	Quebec	J5X 2S7
Écocentre Pikogan		2552 rte 109 Nord	Pikogan	Quebec	J9T 3A3
